GeneSymbol,Cluster
RAF1,Cluster 11
ZNF41,Cluster 18
OCRL,Cluster 11
SPDEF,Cluster 1
SNAI2,Cluster 14
KCNAB2,Cluster 6
HOGA1,Cluster 14
DLD,Cluster 3
MUTYH,Cluster 12
DUSP4,Cluster 16
ZHX3,Cluster 10
TP63,Cluster 14
HNF4A,Cluster 12
SGK3,Cluster 6
CUL3,Cluster 10
BIRC2,Cluster 1
NCF2,Cluster 3
ILK,Cluster 3
RAD23A,Cluster 3
RBBP9,Cluster 7
PLCG2,Cluster 6
TDP1,Cluster 12
BRD2,Cluster 15
EIF2B1,Cluster 2
NEFL,Cluster 1
STAR,Cluster 10
CRYAA,Cluster 4
APRT,Cluster 1
STUB1,Cluster 3
ENO2,Cluster 1
IL10RA,Cluster 11
IRF1,Cluster 21
JUN,Cluster 8
OAS1,Cluster 20
MYC,Cluster 12
SMAD3,Cluster 6
IL12B|IL23A,Cluster 10
PDGFRA,Cluster 12
IL12A|IL12B,Cluster 14
STAT1,Cluster 10
STAT6,Cluster 11
ANGPTL3,Cluster 5
MCL1,Cluster 14
ANKRD1,Cluster 15
SCARA5,Cluster 9
NPDC1,Cluster 15
B4GALT5,Cluster 15
SLC3A2,Cluster 13
AGA,Cluster 17
CSF2RA,Cluster 20
AMY2B,Cluster 11
APOM,Cluster 9
PABPC3,Cluster 3
NUCB1,Cluster 15
CEACAM20,Cluster 15
DNAJC16,Cluster 3
IL18RAP,Cluster 11
INSL5,Cluster 15
ANTXR1,Cluster 0
MMP10,Cluster 12
CD59,Cluster 11
MAGEA4,Cluster 11
RPN1,Cluster 3
SCIMP,Cluster 22
COL6A3,Cluster 14
CSF2RB,Cluster 15
KCNIP3,Cluster 15
PTGDS,Cluster 6
MXRA8,Cluster 14
DHX9,Cluster 14
DPEP1,Cluster 15
PSMB6,Cluster 12
PARP1,Cluster 14
CD99L2,Cluster 9
LAT,Cluster 14
KLRC4,Cluster 14
ITM2C,Cluster 15
NETO2,Cluster 6
LYSMD3,Cluster 5
SLITRK3,Cluster 0
MGAT1,Cluster 20
CST8,Cluster 15
PLXDC2,Cluster 12
POMK,Cluster 20
TMEM108,Cluster 15
NDUFS4,Cluster 11
RAET1L,Cluster 12
CLGN,Cluster 15
TOR1AIP1,Cluster 6
HTN1,Cluster 15
MPZ,Cluster 15
PODXL2,Cluster 22
LRP2,Cluster 14
MUC1,Cluster 14
SPINK13,Cluster 16
ST6GALNAC3,Cluster 20
CD200R1,Cluster 16
ELAPOR1,Cluster 11
OLFM3,Cluster 15
ASCC1,Cluster 1
INSIG1,Cluster 11
GNPTG,Cluster 3
STX4,Cluster 7
SEMA3E,Cluster 19
SFTPB,Cluster 10
KLRG2,Cluster 15
WFDC10B,Cluster 15
IGSF11,Cluster 15
COL28A1,Cluster 15
GNRH2,Cluster 14
ZPBP2,Cluster 20
CD300LB,Cluster 15
ACE,Cluster 11
PSMD5,Cluster 8
HSPA1A,Cluster 3
SYK,Cluster 7
GAL3ST2,Cluster 1
SERPINB1,Cluster 18
CSF1,Cluster 18
SLITRK1,Cluster 4
DKK3,Cluster 2
CDYL2,Cluster 1
ADAM7,Cluster 15
KERA,Cluster 14
GRIA4,Cluster 3
TMED2,Cluster 10
ADGRG2,Cluster 15
CSGALNACT2,Cluster 16
RAB3D,Cluster 17
SERPINH1,Cluster 2
KLRB1,Cluster 14
CD1A,Cluster 11
PILRA,Cluster 21
SMPD1,Cluster 9
VSIG10,Cluster 5
B4GALT6,Cluster 13
HHIP,Cluster 6
A4GNT,Cluster 15
BTNL3,Cluster 16
HNRNPDL,Cluster 10
PLXNB2,Cluster 19
SPAST,Cluster 3
BRAT1,Cluster 15
FAM163B,Cluster 3
C6orf89,Cluster 15
MRAP2,Cluster 15
LCTL,Cluster 14
STMN2,Cluster 3
ASPRV1,Cluster 6
STX8,Cluster 14
NTM,Cluster 0
CEACAM4,Cluster 15
PLA2R1,Cluster 14
GNGT2,Cluster 14
CD58,Cluster 11
PLEKHA4,Cluster 20
STX6,Cluster 11
RPLP2,Cluster 6
CLEC10A,Cluster 13
GCSH,Cluster 2
BET1L,Cluster 14
PLAAT4,Cluster 16
SPINK7,Cluster 7
MUCL1,Cluster 15
GH2,Cluster 10
ACHE,Cluster 3
NRG3,Cluster 14
BGLAP,Cluster 12
IGHA1|IGHA2,Cluster 15
CLC,Cluster 15
N6AMT1,Cluster 2
PDXK,Cluster 1
REG4,Cluster 4
HSPB1,Cluster 3
TENM3,Cluster 6
SVEP1,Cluster 5
TMEM119,Cluster 2
TMEM167A,Cluster 17
C11orf87,Cluster 16
VWC2,Cluster 11
SPG21,Cluster 3
MTRF1L,Cluster 3
MRPL55,Cluster 3
RUNX3,Cluster 18
ANGPTL1,Cluster 0
KIAA1549L,Cluster 15
TREML1,Cluster 6
TLR1,Cluster 7
KLK13,Cluster 11
COL6A5,Cluster 12
BICDL1,Cluster 5
RNF122,Cluster 16
SPART,Cluster 6
EQTN,Cluster 15
FAM162B,Cluster 15
MILR1,Cluster 15
THSD7A,Cluster 22
LPCAT2,Cluster 15
KRT5,Cluster 14
TSSK1B,Cluster 15
SMARCC1,Cluster 19
TMEM52,Cluster 14
CLEC12A,Cluster 17
TINAGL1,Cluster 1
HNF1A,Cluster 19
SIT1,Cluster 15
CREB3L1,Cluster 12
PKLR,Cluster 3
CXADR,Cluster 12
ITGB7,Cluster 18
TXNDC5,Cluster 11
DNAJB9,Cluster 7
TPMT,Cluster 11
FGFBP3,Cluster 5
C10orf105,Cluster 8
TMEM154,Cluster 15
UBE3A,Cluster 2
TBL2,Cluster 3
RIC3,Cluster 15
ERN1,Cluster 10
ASL,Cluster 0
TGM1,Cluster 12
NAGS,Cluster 11
PAPLN,Cluster 15
MADCAM1,Cluster 11
SUN5,Cluster 15
XDH,Cluster 18
ALDH1A1,Cluster 1
CHCHD10,Cluster 5
LRP1B,Cluster 15
COL11A2,Cluster 15
GABBR1,Cluster 18
GAD1,Cluster 14
GRB7,Cluster 6
DCAF5,Cluster 14
LAIR1,Cluster 21
CYB5A,Cluster 15
CSNK1D,Cluster 15
LRRN1,Cluster 3
TMCC3,Cluster 1
NOTCH2,Cluster 11
SAMHD1,Cluster 20
WWP1,Cluster 3
CREB3L4,Cluster 14
DSG3,Cluster 22
PMS2,Cluster 12
PCBD1,Cluster 1
MRE11,Cluster 13
CHFR,Cluster 14
PXDNL,Cluster 11
CLK2,Cluster 1
ARHGAP25,Cluster 6
LILRB3,Cluster 15
BLK,Cluster 15
TALDO1,Cluster 10
EIF5A2,Cluster 7
RRM1,Cluster 1
TYMP,Cluster 11
AQP4,Cluster 15
MFN1,Cluster 14
AK2,Cluster 3
ADH5,Cluster 3
INPP5E,Cluster 7
ZNF18,Cluster 21
PRPS1,Cluster 9
BLVRA,Cluster 3
KRT7,Cluster 22
ATF6B,Cluster 10
WFDC2,Cluster 5
MVK,Cluster 14
PTK2B,Cluster 2
KMT2C,Cluster 14
CARD9,Cluster 13
ACAD8,Cluster 15
PLSCR3,Cluster 15
FBXL4,Cluster 5
DLX3,Cluster 22
PDLIM1,Cluster 6
HNRNPC,Cluster 9
DTX1,Cluster 10
PQBP1,Cluster 21
TCTN2,Cluster 14
DNER,Cluster 22
CAPZA1,Cluster 5
EIF3G,Cluster 3
MAGEB10,Cluster 15
GALE,Cluster 20
PCBP1,Cluster 2
RBFOX2,Cluster 1
RELB,Cluster 11
GPR135,Cluster 15
RBM19,Cluster 11
VPS4A,Cluster 3
HAVCR2,Cluster 14
ZNF174,Cluster 18
SPOCK1,Cluster 11
UBL4A,Cluster 2
ELL2,Cluster 5
FABP1,Cluster 10
VSIR,Cluster 7
MYSM1,Cluster 15
MLYCD,Cluster 3
ATP5MF,Cluster 9
CYGB,Cluster 15
MUSK,Cluster 14
CDC25A,Cluster 0
HMG20B,Cluster 20
NFATC4,Cluster 16
SYTL4,Cluster 14
ZNF23,Cluster 17
FKBP1B,Cluster 14
DNM2,Cluster 6
DNAJA2,Cluster 3
RBM23,Cluster 12
CXCL9,Cluster 8
DNAJB6,Cluster 3
MAP1LC3B,Cluster 2
DAPP1,Cluster 3
HSF1,Cluster 10
UBE2V1,Cluster 3
TRAF4,Cluster 11
AHSA1,Cluster 1
RGS10,Cluster 3
TAGLN2,Cluster 3
B3GALT2,Cluster 15
CHST9,Cluster 19
FZD10,Cluster 14
SMAP1,Cluster 6
AGO1,Cluster 14
NRSN1,Cluster 16
SOCS7,Cluster 10
CLINT1,Cluster 6
ARFGAP2,Cluster 2
RGS8,Cluster 1
TNS2,Cluster 14
GGA3,Cluster 2
ANAPC7,Cluster 15
SHC4,Cluster 14
CRABP2,Cluster 11
PTP4A2,Cluster 10
UNC45A,Cluster 3
LRIT2,Cluster 15
JAK2,Cluster 11
RPS6KB1,Cluster 3
RORC,Cluster 12
PTPN11,Cluster 2
FXN,Cluster 6
TREM2,Cluster 10
PCDHGB1,Cluster 15
LRRC4B,Cluster 22
AAGAB,Cluster 3
INTS3,Cluster 17
EGF,Cluster 9
IGDCC3,Cluster 14
S100A2,Cluster 12
EMC1,Cluster 12
TJP1,Cluster 10
PTS,Cluster 9
SMAD4,Cluster 6
DES,Cluster 1
BUB1,Cluster 7
CAP1,Cluster 3
HSPA1L,Cluster 3
TARDBP,Cluster 14
MSTN,Cluster 10
EEF2K,Cluster 7
RPIA,Cluster 2
SHMT1,Cluster 3
AARS1,Cluster 3
DUSP6,Cluster 14
ACAP2,Cluster 15
ANAPC10,Cluster 15
SARS2,Cluster 3
ETS2,Cluster 9
ARRDC3,Cluster 3
SRI,Cluster 3
SNAP29,Cluster 3
RRAS2,Cluster 14
TRIB2,Cluster 15
RUVBL1,Cluster 7
MACO1,Cluster 19
TPM3,Cluster 20
CDKN2D,Cluster 3
TAPBP,Cluster 6
COPS7B,Cluster 18
RNPEP,Cluster 18
PDLIM4,Cluster 6
ORC6,Cluster 11
C16orf54,Cluster 15
DARS2,Cluster 3
HIBCH,Cluster 3
CCDC50,Cluster 3
STAMBPL1,Cluster 10
RAB7B,Cluster 3
MAX,Cluster 6
YWHAB,Cluster 3
EDF1,Cluster 0
TPRKB,Cluster 15
A1CF,Cluster 15
ARF6,Cluster 1
LYPLAL1,Cluster 8
PELO,Cluster 15
CACYBP,Cluster 3
ARL11,Cluster 7
IST1,Cluster 3
ULK3,Cluster 20
MPG,Cluster 21
IRF9,Cluster 19
RHOD,Cluster 19
NR5A2,Cluster 11
NMT1,Cluster 6
PMVK,Cluster 6
KMT5C,Cluster 9
NXF1,Cluster 22
NTMT1,Cluster 15
PFKFB3,Cluster 1
ADI1,Cluster 15
SIRT5,Cluster 22
SETMAR,Cluster 19
MAPRE1,Cluster 6
STAU1,Cluster 10
KCTD5,Cluster 7
RPL30,Cluster 2
PRKAR1B,Cluster 18
OTUD5,Cluster 1
BPTF,Cluster 10
RORB,Cluster 15
PITPNB,Cluster 1
GLRX2,Cluster 3
MCTS1,Cluster 11
CLIC4,Cluster 3
OTUB2,Cluster 15
GABARAPL2,Cluster 6
TAX1BP3,Cluster 6
SH3GL2,Cluster 6
UBA2,Cluster 3
LMOD1,Cluster 11
ITPKC,Cluster 7
CHMP3,Cluster 3
COMMD1,Cluster 14
METTL1,Cluster 15
TEAD4,Cluster 20
PDCD5,Cluster 3
PBRM1,Cluster 20
RAD23B,Cluster 3
SAT2,Cluster 19
FKBP6,Cluster 22
ERVV-1,Cluster 15
CDC34,Cluster 15
CYTH2,Cluster 9
CALCOCO2,Cluster 4
MTMR6,Cluster 7
PURA,Cluster 2
RGS7,Cluster 11
RHOG,Cluster 18
ZNF560,Cluster 15
RRAGC,Cluster 3
HPGDS,Cluster 2
RAD51D,Cluster 14
UBASH3B,Cluster 3
NT5C,Cluster 1
PKN1,Cluster 3
KEAP1,Cluster 6
CCT5,Cluster 3
TRIM3,Cluster 14
EDN2,Cluster 12
MTHFD1,Cluster 3
MAGEA3,Cluster 20
ARAF,Cluster 16
OPHN1,Cluster 3
PDRG1,Cluster 6
GCA,Cluster 5
TMOD1,Cluster 11
FERMT3,Cluster 1
PABPC4,Cluster 3
SCMH1,Cluster 12
EXOSC3,Cluster 19
PSMB1,Cluster 14
STK24,Cluster 3
AKR1C1,Cluster 15
SEPTIN11,Cluster 1
PPP2R1A,Cluster 3
JARID2,Cluster 11
KLHL7,Cluster 11
SENP7,Cluster 1
ATG7,Cluster 2
LANCL2,Cluster 3
ARFIP2,Cluster 12
PTPN9,Cluster 15
TRDMT1,Cluster 10
SMYD2,Cluster 2
CRAT,Cluster 3
INPP5B,Cluster 3
ARRB1,Cluster 3
RPE,Cluster 3
SETD2,Cluster 21
MDH2,Cluster 3
GNAI3,Cluster 11
PDK2,Cluster 6
AHCYL1,Cluster 3
CSNK1G2,Cluster 14
KLC1,Cluster 6
TSTA3,Cluster 15
PANK3,Cluster 14
OLA1,Cluster 2
ECH1,Cluster 3
PTPN13,Cluster 20
GDA,Cluster 16
VPS4B,Cluster 3
HECW1,Cluster 5
RAD1,Cluster 9
DARS1,Cluster 3
PACSIN1,Cluster 3
FLII,Cluster 14
SNRPA,Cluster 12
DPYSL5,Cluster 18
HOMER2,Cluster 6
MPST,Cluster 1
DECR1,Cluster 3
RPS6KA6,Cluster 3
ARPC1B,Cluster 11
SHMT2,Cluster 3
DOT1L,Cluster 18
SH3BGRL,Cluster 1
DIMT1,Cluster 15
KLHL12,Cluster 11
PIP4K2A,Cluster 2
ACLY,Cluster 5
EIF1B,Cluster 3
PELI2,Cluster 15
NEK7,Cluster 3
SH2D3C,Cluster 22
HERC1,Cluster 15
CDC42BPA,Cluster 15
DPYSL3,Cluster 14
GJA8,Cluster 19
HMG20A,Cluster 15
RGS19,Cluster 6
AP1G2,Cluster 3
DCP1B,Cluster 6
TOX3,Cluster 14
UBQLN4,Cluster 2
TAX1BP1,Cluster 12
CIRBP,Cluster 3
RFXAP,Cluster 12
PTGFRN,Cluster 12
PSMG3,Cluster 9
PLEKHA7,Cluster 11
MPP7,Cluster 10
KIF22,Cluster 0
PLS1,Cluster 11
FEV,Cluster 11
TMEM8B,Cluster 15
BAG5,Cluster 20
CYTH4,Cluster 8
RBM3,Cluster 6
BRDT,Cluster 15
ZHX1,Cluster 19
CSDC2,Cluster 15
BACH2,Cluster 15
GRID2,Cluster 12
ZNF774,Cluster 15
ELMO1,Cluster 21
GPR142,Cluster 15
PPP1R3B,Cluster 10
ZNF180,Cluster 5
NUP98,Cluster 12
SF1,Cluster 14
PRDM4,Cluster 3
TARBP2,Cluster 11
SGF29,Cluster 12
CCDC51,Cluster 5
PIWIL1,Cluster 15
NLRP4,Cluster 19
ZNF566,Cluster 15
NUDT3,Cluster 3
SLC4A8,Cluster 12
DNAJC27,Cluster 15
TPPP2,Cluster 3
IRF2,Cluster 22
ZNF329,Cluster 15
ARHGAP30,Cluster 20
CARHSP1,Cluster 15
ZNF415,Cluster 15
ACYP2,Cluster 2
IARS1,Cluster 14
GEM,Cluster 15
SLC14A2,Cluster 15
GRAP,Cluster 3
RGS3,Cluster 11
SAP18,Cluster 22
TESC,Cluster 6
ASH2L,Cluster 15
KCNF1,Cluster 11
DUSP15,Cluster 15
BAG4,Cluster 7
FBXL5,Cluster 15
RNGTT,Cluster 18
ARHGEF2,Cluster 15
GSKIP,Cluster 15
POLM,Cluster 14
TMOD2,Cluster 10
TEAD3,Cluster 15
CASS4,Cluster 11
ECI2,Cluster 3
ARPP21,Cluster 13
TMOD3,Cluster 6
NEDD9,Cluster 13
NIPAL4,Cluster 9
DYNLT3,Cluster 11
DDX6,Cluster 3
TWF1,Cluster 3
SPN,Cluster 11
UBTD2,Cluster 15
SPEF1,Cluster 2
OSBPL11,Cluster 15
RBL1,Cluster 22
RDH16,Cluster 3
PARP11,Cluster 7
SAP30,Cluster 21
MICALL2,Cluster 2
SYTL1,Cluster 22
IFI16,Cluster 5
PAXIP1,Cluster 10
CUBN,Cluster 10
MTCP1,Cluster 18
ENOX1,Cluster 5
RLBP1,Cluster 21
POLR1C,Cluster 8
RAB18,Cluster 10
PPARA,Cluster 6
KIFBP,Cluster 6
GCK,Cluster 8
GPR107,Cluster 15
CSRP2,Cluster 3
STAU2,Cluster 11
KRT20,Cluster 15
LIN7C,Cluster 0
CUL9,Cluster 6
NPLOC4,Cluster 3
LCN10,Cluster 1
RPS10,Cluster 1
PPP1R8,Cluster 11
TSG101,Cluster 2
SLC6A14,Cluster 5
PFN2,Cluster 3
PSD,Cluster 3
SLC6A16,Cluster 15
GMFG,Cluster 1
EDC4,Cluster 2
PRKG1,Cluster 10
CCS,Cluster 4
ANP32A,Cluster 15
VARS1,Cluster 3
GLP1R,Cluster 14
BTC,Cluster 15
HIF1A,Cluster 12
S100A6,Cluster 3
SECTM1,Cluster 15
REG1A,Cluster 11
BCL2L2,Cluster 11
VEGFD,Cluster 11
SOST,Cluster 9
FAM3D,Cluster 15
CSH1|CSH2,Cluster 14
EFNB1,Cluster 15
SNAP25,Cluster 2
LYPD3,Cluster 10
NEGR1,Cluster 14
SPP1,Cluster 8
LUM,Cluster 11
CD177,Cluster 15
SMOC1,Cluster 1
FLRT3,Cluster 12
ISLR2,Cluster 11
VTN,Cluster 13
DSC2,Cluster 12
HK2,Cluster 7
HK1,Cluster 1
MDM2,Cluster 6
IGHG2,Cluster 20
IGHG4,Cluster 4
SHANK3,Cluster 6
WNT5A,Cluster 10
SYNGR3,Cluster 15
CYB561D1,Cluster 15
FH,Cluster 2
RNF34,Cluster 21
EHF,Cluster 15
PCSK1,Cluster 3
DEFB4A,Cluster 8
SPINK2,Cluster 22
CD300C,Cluster 20
WFIKKN2,Cluster 11
WFDC6,Cluster 15
TMEM132D,Cluster 3
TMEM167B,Cluster 15
ENOX2,Cluster 15
PRXL2A,Cluster 15
WFDC10A,Cluster 12
SLC14A1,Cluster 15
PARVA,Cluster 10
IL20RB,Cluster 14
IQCF3,Cluster 15
SPRN,Cluster 9
SF3B4,Cluster 12
USP8,Cluster 6
FNDC4,Cluster 15
TOR4A,Cluster 16
CHAD,Cluster 5
PXDN,Cluster 6
NRAC,Cluster 15
NEURL4,Cluster 15
PTH1R,Cluster 14
HDHD2,Cluster 3
ITPKA,Cluster 11
GSTK1,Cluster 3
UBE2D4,Cluster 3
LTB4R,Cluster 14
FAM171A2,Cluster 15
CNOT1,Cluster 12
PKD2,Cluster 11
UNC93B1,Cluster 21
ARFIP1,Cluster 6
MPP6,Cluster 10
HSPA9,Cluster 3
GRID1,Cluster 20
CERS5,Cluster 16
HCAR2,Cluster 1
EIF3J,Cluster 3
MIOX,Cluster 14
F8,Cluster 7
SLC26A11,Cluster 17
ARL6IP5,Cluster 3
DUS2,Cluster 4
TRADD,Cluster 10
SCAMP5,Cluster 14
SATB1,Cluster 20
PIAS3,Cluster 16
RAB35,Cluster 2
EMC4,Cluster 12
ARHGEF25,Cluster 14
SSB,Cluster 9
NAP1L2,Cluster 15
CNEP1R1,Cluster 15
CERT1,Cluster 10
KCNN1,Cluster 1
MYCT1,Cluster 15
ARHGAP45,Cluster 3
ADAM29,Cluster 15
DCUN1D3,Cluster 14
REPIN1,Cluster 14
HTR2A,Cluster 7
NECTIN3,Cluster 10
RBL2,Cluster 9
DPYSL2,Cluster 12
PSMD4,Cluster 3
ARPC3,Cluster 3
DVL2,Cluster 10
GSTP1,Cluster 6
U2AF2,Cluster 9
UAP1,Cluster 10
APAF1,Cluster 21
RACGAP1,Cluster 9
ANXA9,Cluster 15
REXO2,Cluster 3
GGA1,Cluster 6
RAB31,Cluster 3
RABEPK,Cluster 14
ANXA10,Cluster 5
CYTIP,Cluster 11
NCK2,Cluster 2
GET3,Cluster 3
AP2A2,Cluster 6
PPP2R5A,Cluster 3
KMT2D,Cluster 14
GRB14,Cluster 20
ATG4B,Cluster 15
RBBP5,Cluster 10
ZYX,Cluster 3
PIR,Cluster 15
NAP1L1,Cluster 11
USO1,Cluster 2
HGS,Cluster 2
KCNIP1,Cluster 6
MACROD1,Cluster 1
ROCK2,Cluster 3
NCL,Cluster 10
PNKP,Cluster 2
PDGFC,Cluster 1
TYRO3,Cluster 21
FGFR3,Cluster 10
ELANE,Cluster 20
HSPA6,Cluster 3
CCT7,Cluster 3
CFD,Cluster 1
NAB2,Cluster 15
CSNK2A2,Cluster 10
CSF1R,Cluster 10
CLCNKB,Cluster 17
CCL1,Cluster 15
SLC5A8,Cluster 1
CCN4,Cluster 5
CRLF2,Cluster 20
KIAA0319L,Cluster 15
KLK3,Cluster 11
CXCL13,Cluster 12
HMGCS2,Cluster 11
IL12RB1,Cluster 22
KLK8,Cluster 7
SERPING1,Cluster 10
CLTC,Cluster 2
FCN2,Cluster 11
PAK4,Cluster 3
PRTN3,Cluster 19
C9,Cluster 12
IL10,Cluster 12
CD80,Cluster 14
ERP29,Cluster 2
SFXN5,Cluster 15
C7,Cluster 20
IFNL1,Cluster 12
RAP1GAP,Cluster 15
INHBA,Cluster 9
FLRT1,Cluster 5
FRZB,Cluster 12
IL22,Cluster 10
CUL4B,Cluster 11
IL3RA,Cluster 22
CA6,Cluster 15
CROT,Cluster 3
APOBEC3G,Cluster 3
PSMD9,Cluster 3
ARHGEF7,Cluster 10
NAB1,Cluster 21
MCF2L,Cluster 7
CAND1,Cluster 3
FARS2,Cluster 14
SPSB1,Cluster 15
DPY30,Cluster 11
SULT1A3,Cluster 3
DDX23,Cluster 16
NUDT12,Cluster 6
GABBR2,Cluster 15
LAP3,Cluster 1
AGAP3,Cluster 15
TXNRD1,Cluster 6
HSD17B14,Cluster 11
ARHGEF1,Cluster 3
BARD1,Cluster 12
TBX3,Cluster 11
CRYZ,Cluster 1
SMURF2,Cluster 3
LANCL1,Cluster 3
NMRAL1,Cluster 6
PC,Cluster 7
EIF4G3,Cluster 18
EPB41L1,Cluster 2
FBL,Cluster 0
PPCDC,Cluster 18
ADSS1,Cluster 1
CHD7,Cluster 12
GNMT,Cluster 22
PAPSS1,Cluster 3
DCP1A,Cluster 14
TNFAIP3,Cluster 10
DHX58,Cluster 17
EVPL,Cluster 12
IL17B,Cluster 15
TNFRSF9,Cluster 11
IL17F,Cluster 18
COPS2,Cluster 16
VEGFA,Cluster 15
TACSTD2,Cluster 10
EEA1,Cluster 1
BDNF,Cluster 3
IL1RAP,Cluster 14
IL7,Cluster 14
UNC13A,Cluster 7
IL15RA,Cluster 14
CGA,Cluster 14
OSM,Cluster 11
CD5,Cluster 10
MAGI2,Cluster 14
CCL25,Cluster 10
HPX,Cluster 6
SHC2,Cluster 14
CST4,Cluster 21
FCN3,Cluster 14
XCL1,Cluster 11
IL18R1,Cluster 14
TLN2,Cluster 10
SEPHS1,Cluster 6
SMPDL3A,Cluster 5
IGFBP6,Cluster 11
DEF6,Cluster 3
HBEGF,Cluster 7
KLRK1,Cluster 11
CARS1,Cluster 3
PSMA4,Cluster 21
C1QC,Cluster 10
GNLY,Cluster 11
TPSG1,Cluster 14
SERPINA4,Cluster 11
RAP1GDS1,Cluster 3
MTHFS,Cluster 3
TGFB1,Cluster 8
SPARC,Cluster 11
THBS2,Cluster 14
PIANP,Cluster 11
ADM,Cluster 15
S100A4,Cluster 6
IFNB1,Cluster 20
IFNA10,Cluster 15
HHLA2,Cluster 15
RXFP1,Cluster 11
NRG4,Cluster 11
H2BC21,Cluster 11
H2AW,Cluster 10
H3C1,Cluster 12
IL36B,Cluster 14
IL36A,Cluster 11
EFNA3,Cluster 11
YWHAE,Cluster 2
ANXA5,Cluster 19
SCP2D1,Cluster 15
RFFL,Cluster 20
ANXA7,Cluster 3
FOXJ2,Cluster 15
HEXIM2,Cluster 6
RBP7,Cluster 15
BHMT2,Cluster 20
MYL6B,Cluster 3
DOK2,Cluster 2
MID2,Cluster 15
BLMH,Cluster 16
NET1,Cluster 15
SRXN1,Cluster 1
RAB6B,Cluster 3
PREP,Cluster 6
RAB14,Cluster 3
EIF2AK4,Cluster 2
NFATC1,Cluster 7
RAB5C,Cluster 1
AGAP2,Cluster 3
HNRNPH1,Cluster 11
VPS29,Cluster 3
UBE2E1,Cluster 3
DIDO1,Cluster 15
DYNLT1,Cluster 6
RALA,Cluster 6
RCVRN,Cluster 14
TRAPPC3,Cluster 7
DIPK1C,Cluster 13
GDF11,Cluster 14
SEMA6C,Cluster 14
VOPP1,Cluster 5
ZNF526,Cluster 15
SUMO3,Cluster 3
CTCF,Cluster 16
LHCGR,Cluster 10
DNAJC17,Cluster 2
MZF1,Cluster 1
RNF8,Cluster 14
PACSIN3,Cluster 20
EIF4B,Cluster 3
PLIN3,Cluster 8
PTPN7,Cluster 11
SEC13,Cluster 7
TPSB2,Cluster 21
PROK1,Cluster 22
C8G,Cluster 14
CST6,Cluster 15
ARHGAP5,Cluster 3
FGF8,Cluster 14
IGF2,Cluster 10
NETO1,Cluster 2
S100A5,Cluster 7
REG3A,Cluster 17
JCHAIN,Cluster 21
TXNL4B,Cluster 6
S100A10,Cluster 9
CPLX2,Cluster 1
CRADD,Cluster 13
GAP43,Cluster 3
LAMTOR2,Cluster 6
SELENOM,Cluster 11
CFL2,Cluster 3
KNG1,Cluster 7
IFNG,Cluster 12
SCG5,Cluster 1
APOC1,Cluster 0
BMPER,Cluster 8
BOLA1,Cluster 3
CTSE,Cluster 1
KL,Cluster 11
FABP2,Cluster 5
FABP4,Cluster 14
NRP2,Cluster 14
FCGR3A,Cluster 14
UNC5B,Cluster 14
GFER,Cluster 6
ID1,Cluster 11
ID2,Cluster 15
IFNA21,Cluster 15
IFNA4,Cluster 20
BIRC7,Cluster 22
LCAT,Cluster 9
LDHA,Cluster 3
SERPINB5,Cluster 15
MAPK10,Cluster 3
MMP20,Cluster 7
PMP2,Cluster 13
NEU1,Cluster 1
LOXL3,Cluster 1
OTOR,Cluster 15
SRC,Cluster 2
RAMP1,Cluster 21
RAMP3,Cluster 18
PCSK2,Cluster 19
NRG1,Cluster 14
TIMD4,Cluster 14
NT5E,Cluster 1
AMBP,Cluster 10
ADAM15,Cluster 4
ANPEP,Cluster 16
CNPY4,Cluster 3
HEXB,Cluster 20
PNLIPRP2,Cluster 22
LRP11,Cluster 14
VNN2,Cluster 12
CAMP,Cluster 17
A2ML1,Cluster 15
AGRN,Cluster 15
AOC1,Cluster 11
FOLR3,Cluster 15
HS3ST1,Cluster 11
LEFTY2,Cluster 9
LRP12,Cluster 15
NAGLU,Cluster 11
NPTXR,Cluster 6
PRSS8,Cluster 15
BCHE,Cluster 10
SAA1,Cluster 12
GLIPR2,Cluster 3
ALAD,Cluster 3
PGAM2,Cluster 2
CSRP1,Cluster 14
EPHB4,Cluster 9
PRSS27,Cluster 15
VIM,Cluster 12
CKMT1A,Cluster 5
PPP3R1,Cluster 3
PHGDH,Cluster 1
ENPEP,Cluster 10
TCN2,Cluster 20
GUSB,Cluster 1
CNN1,Cluster 3
CD247,Cluster 14
COL2A1,Cluster 6
RNASE3,Cluster 5
ENPP6,Cluster 20
EPHA7,Cluster 14
FANK1,Cluster 15
FCN1,Cluster 14
FCRLB,Cluster 15
CFHR2,Cluster 15
FOLR2,Cluster 2
GC,Cluster 13
GPX1,Cluster 1
HTRA1,Cluster 7
IL6R,Cluster 12
ITGA2,Cluster 19
MAPK9,Cluster 2
LIN7B,Cluster 10
PNLIP,Cluster 7
LILRA2,Cluster 22
MOG,Cluster 11
NLGN1,Cluster 7
OPCML,Cluster 1
PDCD1,Cluster 14
HSPG2,Cluster 9
AKT1,Cluster 3
RBP4,Cluster 12
SLIT1,Cluster 10
SMOC2,Cluster 15
SORCS1,Cluster 14
SORCS3,Cluster 14
TAGLN,Cluster 3
TMEFF1,Cluster 1
BRAF,Cluster 3
CD79A,Cluster 12
CEBPB,Cluster 0
INHBC,Cluster 10
LMAN1,Cluster 10
TXLNA,Cluster 6
GPT,Cluster 6
FLT4,Cluster 12
SHC1,Cluster 6
OLR1,Cluster 11
IGF2R,Cluster 10
NID2,Cluster 7
WIF1,Cluster 11
TEC,Cluster 3
EPHA4,Cluster 14
GIP,Cluster 2
PLA2G2D,Cluster 14
TIGIT,Cluster 12
LGR4,Cluster 5
CDH11,Cluster 10
UNC5D,Cluster 6
DKKL1,Cluster 2
CDH6,Cluster 22
FLT1,Cluster 12
CD320,Cluster 15
NRXN3,Cluster 6
MYOC,Cluster 15
A1BG,Cluster 15
NUDT2,Cluster 3
B3GNT4,Cluster 12
CSN2,Cluster 11
GLRX5,Cluster 12
GPN1,Cluster 3
AKR1B1,Cluster 11
GSN,Cluster 6
CASP14,Cluster 18
CD69,Cluster 6
LY75,Cluster 14
NAXE,Cluster 8
NPPB,Cluster 9
CASK,Cluster 14
HDGF,Cluster 14
IL26,Cluster 11
LECT2,Cluster 1
JUP,Cluster 18
RAC3,Cluster 3
SCUBE3,Cluster 15
SIGLEC5,Cluster 15
CALB2,Cluster 21
PDE5A,Cluster 3
NME4,Cluster 3
APOL3,Cluster 21
ATXN3,Cluster 3
DOK1,Cluster 3
CFHR3,Cluster 14
LSM4,Cluster 1
RAB2A,Cluster 3
RCN3,Cluster 3
CDK16,Cluster 3
MAGOHB,Cluster 1
PHPT1,Cluster 3
RAB4A,Cluster 3
MAPRE3,Cluster 3
PTRH2,Cluster 15
ADAMTSL1,Cluster 1
LAMP1,Cluster 22
OMG,Cluster 6
RNASET2,Cluster 15
SEMA4A,Cluster 19
SLITRK6,Cluster 11
TLR3,Cluster 14
SULT1E1,Cluster 14
HBB,Cluster 9
S100A8|S100A9,Cluster 18
BLVRB,Cluster 1
HSPE1,Cluster 3
IRF3,Cluster 10
KIR2DS4,Cluster 15
KIR2DL3,Cluster 18
DCLK1,Cluster 15
UBE2G1,Cluster 11
DDOST,Cluster 3
ANXA4,Cluster 3
CALCB,Cluster 15
STATH,Cluster 21
MAP2K6,Cluster 3
PSIP1,Cluster 10
BAG1,Cluster 3
CLPP,Cluster 3
KIR2DL1,Cluster 0
PNMT,Cluster 15
RAB5A,Cluster 3
SULT2B1,Cluster 2
TCL1A,Cluster 14
LCP1,Cluster 6
AASDHPPT,Cluster 3
GUK1,Cluster 3
DUSP23,Cluster 15
BDH2,Cluster 14
KREMEN1,Cluster 14
ADPRS,Cluster 3
ACADM,Cluster 3
YY1,Cluster 1
AGR3,Cluster 6
SNPH,Cluster 13
ZADH2,Cluster 3
FDCSP,Cluster 15
AIDA,Cluster 3
SYNJ2BP,Cluster 7
CHMP2B,Cluster 3
SYT4,Cluster 11
IL1F10,Cluster 14
SEPSECS,Cluster 18
VHL,Cluster 12
STMN1,Cluster 3
ABHD10,Cluster 3
EIF4EBP1,Cluster 3
AKR1C3,Cluster 14
UBE2K,Cluster 3
STARD5,Cluster 1
PFKM,Cluster 10
ACADS,Cluster 4
ADH1A,Cluster 15
HMOX1,Cluster 11
ACOT8,Cluster 3
ACADSB,Cluster 6
ARL5B,Cluster 15
UCHL5,Cluster 3
PMM1,Cluster 14
CETN3,Cluster 5
UFD1,Cluster 3
NLGN3,Cluster 11
AK4,Cluster 0
ETFA,Cluster 2
SFRP4,Cluster 9
CD9,Cluster 14
HARS1,Cluster 3
CP,Cluster 7
FOLR1,Cluster 1
GOLM1,Cluster 17
ACSF2,Cluster 3
SUFU,Cluster 10
YEATS4,Cluster 12
SH3BGRL3,Cluster 3
SIRT3,Cluster 1
NAALADL1,Cluster 10
SRP14,Cluster 11
RPP30,Cluster 14
NMI,Cluster 3
ANXA11,Cluster 3
HSPA13,Cluster 10
RAB3A,Cluster 6
ING4,Cluster 17
CBLIF,Cluster 6
CA5B,Cluster 4
ACOT13,Cluster 2
TRIP10,Cluster 3
CD160,Cluster 22
VSIG4,Cluster 7
CD46,Cluster 18
TBCB,Cluster 3
TPP1,Cluster 7
BTN3A3,Cluster 8
OVCA2,Cluster 2
WBP2,Cluster 14
TIMELESS,Cluster 22
HSPH1,Cluster 2
PPP1R1A,Cluster 3
TPD52L1,Cluster 4
VAMP1,Cluster 14
FKBP4,Cluster 3
WWOX,Cluster 11
SAR1A,Cluster 1
PTTG1,Cluster 14
CHMP2A,Cluster 3
UBE2S,Cluster 7
ENSA,Cluster 3
GABARAP,Cluster 14
IVD,Cluster 3
CRNN,Cluster 15
HADH,Cluster 3
RRAS,Cluster 1
RAB11A,Cluster 3
FIS1,Cluster 3
UGDH,Cluster 3
CAB39,Cluster 3
DCXR,Cluster 1
WDR5,Cluster 14
NUDT5,Cluster 3
RHOC,Cluster 3
SNUPN,Cluster 3
NCF1,Cluster 11
HAO1,Cluster 14
PCNP,Cluster 3
EMC8,Cluster 12
NAPG,Cluster 3
SNRPD3,Cluster 14
TAGLN3,Cluster 7
PECR,Cluster 7
SDSL,Cluster 2
RAB32,Cluster 1
MAP1LC3A,Cluster 6
ACAA1,Cluster 4
MMAB,Cluster 3
GMFB,Cluster 15
GGPS1,Cluster 14
ECHS1,Cluster 3
QPRT,Cluster 3
ALDH5A1,Cluster 15
DIRAS1,Cluster 14
PMM2,Cluster 3
LSM1,Cluster 7
IMPA1,Cluster 2
CUL1,Cluster 14
PGLS,Cluster 3
SDCBP,Cluster 2
NIT2,Cluster 3
PTP4A1,Cluster 15
BPHL,Cluster 11
BPNT1,Cluster 3
NCALD,Cluster 14
DDIT4,Cluster 15
SUGT1,Cluster 3
FAHD1,Cluster 3
MLF1,Cluster 3
NMT2,Cluster 3
RERG,Cluster 17
SNRPD2,Cluster 9
EEF1D,Cluster 3
DYNLRB2,Cluster 12
TREX2,Cluster 15
ANXA13,Cluster 15
DRG1,Cluster 3
KLF4,Cluster 6
PPME1,Cluster 3
NAA10,Cluster 3
NT5M,Cluster 3
ACADL,Cluster 4
ATG3,Cluster 15
CASP8,Cluster 12
PCMT1,Cluster 15
IRAK4,Cluster 7
RHOB,Cluster 3
CXCL11,Cluster 12
ASF1A,Cluster 15
AKR7A3,Cluster 8
VAT1,Cluster 3
NAE1,Cluster 9
SARS1,Cluster 18
SMS,Cluster 11
RTN4IP1,Cluster 3
TSSC4,Cluster 3
LDLRAP1,Cluster 6
GMPS,Cluster 3
GATM,Cluster 1
VPS25,Cluster 2
MORF4L1,Cluster 20
FABP9,Cluster 1
LTO1,Cluster 1
AFM,Cluster 5
CKMT2,Cluster 15
HBQ1,Cluster 9
CRYGC,Cluster 1
CHMP1B,Cluster 3
UBE2F,Cluster 2
THG1L,Cluster 3
SRA1,Cluster 21
CHMP1A,Cluster 3
COX5A,Cluster 3
NOP16,Cluster 12
PIP4K2B,Cluster 2
GOT2,Cluster 1
PGP,Cluster 1
LGALSL,Cluster 3
CPOX,Cluster 15
SPA17,Cluster 12
SSBP1,Cluster 21
CYB5R1,Cluster 15
SRP19,Cluster 11
ZNF34,Cluster 15
GAGE2A,Cluster 15
OXSM,Cluster 3
GAGE2D,Cluster 19
TCL1B,Cluster 14
TRIAP1,Cluster 22
DTD2,Cluster 3
ZWINT,Cluster 9
ANXA8,Cluster 11
CDKN1A,Cluster 3
GRHPR,Cluster 3
MRAS,Cluster 16
PURB,Cluster 3
NAIF1,Cluster 14
ZWILCH,Cluster 8
NRGN,Cluster 3
PPA2,Cluster 2
STXBP6,Cluster 3
SELENOW,Cluster 1
NDRG3,Cluster 15
PAX8,Cluster 11
SEPTIN3,Cluster 9
ZFAND5,Cluster 10
SH3GL3,Cluster 2
PDHX,Cluster 3
MTHFD2,Cluster 3
JMJD6,Cluster 11
SUOX,Cluster 22
MAGEA8,Cluster 17
SNX5,Cluster 2
PYCR2,Cluster 4
PRPS2,Cluster 2
PGM2,Cluster 14
GBA,Cluster 8
CPLX1,Cluster 0
CDA,Cluster 6
GMDS,Cluster 15
IDH1,Cluster 3
PSMB3,Cluster 14
ALB,Cluster 11
ALDH2,Cluster 1
FKBP3,Cluster 3
MAT2B,Cluster 12
AKR1D1,Cluster 22
AKAP7,Cluster 1
ALKBH2,Cluster 15
ALKBH3,Cluster 2
AMPD2,Cluster 1
ANKRD54,Cluster 4
ARL2BP,Cluster 15
ARF4,Cluster 6
ARF5,Cluster 11
ARL14,Cluster 17
ARL15,Cluster 15
ARL5A,Cluster 15
AS3MT,Cluster 15
RALB,Cluster 3
DDX19A,Cluster 3
INHBA|INHBC,Cluster 1
CBX1,Cluster 22
PPIC,Cluster 15
EIF4A2,Cluster 14
EIF4A1,Cluster 3
SAA2,Cluster 12
PEA15,Cluster 6
TG,Cluster 7
SH2D1B,Cluster 14
UBE2D2,Cluster 14
EIF4EBP3,Cluster 2
CHST2,Cluster 15
PPP3R2,Cluster 3
CBX3,Cluster 11
CD3E,Cluster 6
CEACAM8,Cluster 17
CEBPA,Cluster 20
CHST4,Cluster 7
CNN2,Cluster 14
GREM1,Cluster 19
COL3A1,Cluster 19
CLSTN2,Cluster 5
DSTN,Cluster 3
DNAJB4,Cluster 3
FABP12,Cluster 14
FGB,Cluster 11
GBP2,Cluster 6
GPX2,Cluster 22
HS6ST3,Cluster 11
HDGFL1,Cluster 15
HRAS,Cluster 11
KIR3DL1,Cluster 14
EXOSC8,Cluster 20
PAFAH2,Cluster 6
AMY2A,Cluster 10
PDE4A,Cluster 11
PHEX,Cluster 11
CD68,Cluster 7
PSMA3,Cluster 11
SLIT3,Cluster 14
NMNAT1,Cluster 20
VLDLR,Cluster 1
RGS1,Cluster 2
LRRC3B,Cluster 11
RAC2,Cluster 3
MEMO1,Cluster 6
TCEAL3,Cluster 22
TK2,Cluster 10
CMBL,Cluster 17
BLOC1S5,Cluster 11
PPP1R14A,Cluster 3
OSTF1,Cluster 15
DAO,Cluster 22
UBQLN2,Cluster 3
UBLCP1,Cluster 2
RPRD1B,Cluster 7
MTHFSD,Cluster 3
SERPINB8,Cluster 22
MRPL2,Cluster 11
POLR2K,Cluster 11
NT5C3B,Cluster 7
ALDH6A1,Cluster 3
HSF2BP,Cluster 15
DNMT3L,Cluster 15
TCF4,Cluster 14
TIMM8A,Cluster 3
PRPSAP2,Cluster 3
PPP1R2,Cluster 3
MPPED2,Cluster 15
LRRC59,Cluster 3
RPS19,Cluster 2
PSTPIP1,Cluster 14
FIBP,Cluster 7
ZFAND1,Cluster 3
MARCKSL1,Cluster 17
CYRIB,Cluster 14
MOB1B,Cluster 2
GULP1,Cluster 1
RPL12,Cluster 3
STAMBP,Cluster 3
NAP1L4,Cluster 6
USP14,Cluster 3
VBP1,Cluster 1
DTD1,Cluster 3
RPS5,Cluster 1
HOPX,Cluster 15
ACAT1,Cluster 3
POLR2J,Cluster 12
NDUFA5,Cluster 12
BTK,Cluster 3
NFKBIA,Cluster 14
DMBT1,Cluster 11
NDRG1,Cluster 11
RAB1A,Cluster 3
EIF1AY,Cluster 6
BLNK,Cluster 15
BATF,Cluster 15
BAG2,Cluster 22
HOMER1,Cluster 6
GSTT1,Cluster 1
PTP4A3,Cluster 18
ATOX1,Cluster 4
GLUL,Cluster 3
RBP5,Cluster 15
PFDN1,Cluster 6
PFDN2,Cluster 2
UBE2D1,Cluster 6
KARS1,Cluster 3
SRGN,Cluster 12
PSMB2,Cluster 18
RAB2B,Cluster 15
CLTA,Cluster 10
GCDH,Cluster 3
EIF2S1,Cluster 3
GIPC1,Cluster 15
RPA2,Cluster 12
TCP1,Cluster 3
G3BP1,Cluster 3
HAGH,Cluster 1
YARS1,Cluster 3
GSR,Cluster 12
IDH3G,Cluster 3
SNRPG,Cluster 1
TSTD1,Cluster 2
RAB1B,Cluster 3
RBP1,Cluster 15
UBE2D3,Cluster 11
MAFG,Cluster 12
RAB13,Cluster 2
MYL5,Cluster 15
VPS26A,Cluster 3
CRIPT,Cluster 1
PPP1CC,Cluster 3
MYL7,Cluster 6
GIMAP6,Cluster 6
PET117,Cluster 1
CHEK2,Cluster 14
HIPK3,Cluster 20
BAIAP2,Cluster 21
MOB4,Cluster 1
HNRNPK,Cluster 6
TXNDC12,Cluster 6
CA12,Cluster 16
TOM1L2,Cluster 1
VAMP7,Cluster 12
BCAT2,Cluster 3
ECI1,Cluster 3
HS3ST4,Cluster 5
MDGA2,Cluster 3
NNMT,Cluster 22
OLFM2,Cluster 13
CINP,Cluster 15
DDAH1,Cluster 16
SYF2,Cluster 7
GMPR2,Cluster 3
RBKS,Cluster 6
HDHD3,Cluster 3
KDSR,Cluster 1
PDCD6,Cluster 10
HSD17B8,Cluster 10
DTYMK,Cluster 3
GLYAT,Cluster 19
DCUN1D2,Cluster 10
PARK7,Cluster 3
STX1A,Cluster 2
KLB,Cluster 11
LRP4,Cluster 20
PLXND1,Cluster 19
SEZ6L,Cluster 3
IRF4,Cluster 22
EGFR,Cluster 12
CEBPG,Cluster 21
ITGA2B|ITGB3,Cluster 3
EPOR,Cluster 11
FGF9,Cluster 11
RAB3C,Cluster 3
KPNA1,Cluster 1
SFTPD,Cluster 14
JUND,Cluster 22
IHH,Cluster 10
CD81,Cluster 14
RDH10,Cluster 22
DLG2,Cluster 3
RPSA,Cluster 6
FGL2,Cluster 1
HLA-G,Cluster 12
SEPTIN5,Cluster 1
VSTM1,Cluster 1
METAP1D,Cluster 1
ATP5IF1,Cluster 1
CCNE1,Cluster 1
CSTB,Cluster 0
LY6D,Cluster 1
MEP1A,Cluster 16
NUDT14,Cluster 1
RBP2,Cluster 9
POLR2I,Cluster 12
PGLYRP4,Cluster 4
UBE2R2,Cluster 14
ACO1,Cluster 15
ASF1B,Cluster 15
FN1,Cluster 19
FZD5,Cluster 14
HABP2,Cluster 7
GAGE12F,Cluster 15
GLYATL2,Cluster 15
NFKBIE,Cluster 21
PCK2,Cluster 3
PIM2,Cluster 17
RAB6A,Cluster 2
RAB11B,Cluster 3
UBE2E3,Cluster 3
EFNA1,Cluster 20
VCAM1,Cluster 11
OGG1,Cluster 10
MYL6,Cluster 3
DCPS,Cluster 8
MYL4,Cluster 8
JPT2,Cluster 6
BASP1,Cluster 15
OXSR1,Cluster 3
EIF4EBP2,Cluster 13
GFAP,Cluster 10
HEPH,Cluster 10
CSNK1G1,Cluster 14
MARCO,Cluster 21
NRN1L,Cluster 22
NCAM1,Cluster 8
RAB8B,Cluster 3
COL9A3,Cluster 14
ITGA11,Cluster 19
MEOX1,Cluster 5
DLAT,Cluster 3
ITGAV|ITGB3,Cluster 3
ITGAV|ITGB8,Cluster 4
IFIH1,Cluster 14
C1S,Cluster 20
DYRK2,Cluster 15
GBP5,Cluster 1
ITGAV|ITGB1,Cluster 4
LMNB2,Cluster 20
STAT5A,Cluster 1
UPP2,Cluster 14
PFN1,Cluster 3
RXRA,Cluster 11
DPYSL4,Cluster 14
IL4I1,Cluster 12
ACYP1,Cluster 6
GID8,Cluster 0
TATDN1,Cluster 3
LZTFL1,Cluster 3
SVBP,Cluster 15
RBM18,Cluster 15
CPTP,Cluster 3
PTRHD1,Cluster 3
IMMP2L,Cluster 14
HMGN3,Cluster 15
COMMD6,Cluster 16
POP7,Cluster 14
OXLD1,Cluster 15
TOMM20,Cluster 3
TTC33,Cluster 1
CIB1,Cluster 1
HHEX,Cluster 1
PHOSPHO1,Cluster 12
NPPC,Cluster 10
PGPEP1,Cluster 6
MRPL1,Cluster 2
PCP4L1,Cluster 15
TPGS2,Cluster 15
DNALI1,Cluster 17
PLPBP,Cluster 1
TTC32,Cluster 15
POLR2E,Cluster 7
RCAN3,Cluster 10
AP1AR,Cluster 3
TGIF2LY,Cluster 14
JOSD1,Cluster 21
NSMCE1,Cluster 15
COA4,Cluster 16
NDUFA2,Cluster 6
FAM50A,Cluster 15
IMPACT,Cluster 2
KHDC1L,Cluster 15
F11R,Cluster 3
MCAM,Cluster 18
SCN3B,Cluster 15
DSG2,Cluster 12
TNFRSF25,Cluster 12
CD28,Cluster 10
CDH10,Cluster 20
SEMA6D,Cluster 3
SCARB1,Cluster 13
IL17RE,Cluster 0
ESAM,Cluster 6
SIGLEC11,Cluster 15
CALCR,Cluster 16
DEFB127,Cluster 12
GRIK2,Cluster 18
IZUMO4,Cluster 15
PIK3IP1,Cluster 15
CNTN6,Cluster 10
CLEC9A,Cluster 22
FZD7,Cluster 11
FZD8,Cluster 9
ADGRL3,Cluster 3
NECTIN1,Cluster 10
CNTN3,Cluster 16
CDH4,Cluster 12
LXN,Cluster 15
B3GALT5,Cluster 15
PUDP,Cluster 6
NECAP2,Cluster 2
GIPC2,Cluster 15
PFN4,Cluster 11
MDP1,Cluster 3
TCEAL1,Cluster 14
GTF2F2,Cluster 21
TCEAL7,Cluster 5
CTDSPL,Cluster 3
AUH,Cluster 4
CCDC69,Cluster 17
RAB24,Cluster 3
EMG1,Cluster 15
NHP2,Cluster 18
UBL3,Cluster 14
DNAJB8,Cluster 3
DR1,Cluster 1
NUDT16,Cluster 3
PRTFDC1,Cluster 3
ECHDC1,Cluster 3
PFDN4,Cluster 2
RAB23,Cluster 3
DUSP18,Cluster 15
MAP1LC3B2,Cluster 10
SENP8,Cluster 19
EXOSC5,Cluster 15
RYBP,Cluster 12
DBNDD1,Cluster 15
RCAN2,Cluster 15
GTF2B,Cluster 5
EGLN3,Cluster 14
BEND6,Cluster 16
SDHAF1,Cluster 7
UBL5,Cluster 12
UNC119B,Cluster 1
CETN1,Cluster 15
UBE2Z,Cluster 1
HSPBP1,Cluster 3
TIFA,Cluster 21
BCDIN3D,Cluster 0
DBNDD2,Cluster 4
MRPL28,Cluster 12
YAE1,Cluster 11
GFPT1,Cluster 6
CDK2,Cluster 1
ITPK1,Cluster 20
TYW5,Cluster 7
CREBZF,Cluster 16
PSMG2,Cluster 11
NPM2,Cluster 14
LRATD2,Cluster 11
CAPS,Cluster 18
TULP1,Cluster 12
FN3K,Cluster 3
CUEDC1,Cluster 14
EYA2,Cluster 21
BAP18,Cluster 6
CAB39L,Cluster 2
HYKK,Cluster 16
CHMP6,Cluster 3
TBCEL,Cluster 3
TBC1D13,Cluster 3
TGIF2LX,Cluster 18
CTDSP1,Cluster 3
PTPMT1,Cluster 20
TLNRD1,Cluster 0
CIAO1,Cluster 3
LRP2BP,Cluster 5
TSEN15,Cluster 15
DUSP10,Cluster 15
BLOC1S2,Cluster 16
RWDD4,Cluster 3
NUBP1,Cluster 7
UBE2W,Cluster 6
DUSP21,Cluster 7
TFB2M,Cluster 3
SAMSN1,Cluster 3
MRFAP1L1,Cluster 21
DESI1,Cluster 15
HAX1,Cluster 11
COASY,Cluster 6
POLB,Cluster 12
SAR1B,Cluster 7
SERPINB9,Cluster 7
CHRNA5,Cluster 14
ASB13,Cluster 5
KPNA5,Cluster 14
TMED9,Cluster 0
CDK5RAP3,Cluster 15
AMT,Cluster 3
NAA80,Cluster 3
NPM1,Cluster 11
MAT1A,Cluster 22
DFFA,Cluster 3
RGS16,Cluster 3
EPHX2,Cluster 11
PROM1,Cluster 10
CAMK2N2,Cluster 1
TNIP1,Cluster 18
RPL11,Cluster 13
HUS1,Cluster 13
HAUS1,Cluster 15
DHRS4,Cluster 2
UBA5,Cluster 10
NKIRAS1,Cluster 21
MRM1,Cluster 18
SNRPA1,Cluster 14
CYREN,Cluster 21
SYT1,Cluster 6
PHOSPHO2,Cluster 9
YARS2,Cluster 12
BCL7A,Cluster 15
SIL1,Cluster 12
HLF,Cluster 18
CHMP4A,Cluster 3
TFB1M,Cluster 3
RDH12,Cluster 7
DHODH,Cluster 14
TRPT1,Cluster 15
STYX,Cluster 2
GARS1,Cluster 3
B9D2,Cluster 13
NREP,Cluster 15
TXNRD3NB,Cluster 15
CYTH3,Cluster 9
MSI2,Cluster 11
NRBF2,Cluster 20
SKA1,Cluster 9
RIOX2,Cluster 22
QTRT2,Cluster 1
PNPT1,Cluster 3
NARS1,Cluster 3
FUCA1,Cluster 14
SLITRK2,Cluster 11
STK3,Cluster 12
DCT,Cluster 9
CGB3,Cluster 14
AHCY,Cluster 15
PRTG,Cluster 10
TSC2,Cluster 11
MAP3K11,Cluster 18
PLA2G4A,Cluster 6
SRPK2,Cluster 11
ATG4A,Cluster 15
MGMT,Cluster 3
TRIM5,Cluster 12
HCLS1,Cluster 3
ADAM8,Cluster 15
KLK2,Cluster 9
NEDD8,Cluster 7
CASP10,Cluster 14
COQ10A,Cluster 15
TXNL1,Cluster 7
MAEA,Cluster 0
CD82,Cluster 12
PRKAR1A,Cluster 11
BLOC1S6,Cluster 14
AOC3,Cluster 6
CLUL1,Cluster 15
GPR37,Cluster 18
HYOU1,Cluster 3
ALDH7A1,Cluster 6
TSHR,Cluster 11
COMMD8,Cluster 0
ST8SIA1,Cluster 21
GLT8D2,Cluster 15
GRK5,Cluster 11
EDEM2,Cluster 12
CASP7,Cluster 12
GP1BB,Cluster 2
AACS,Cluster 16
TPH1,Cluster 9
ILKAP,Cluster 12
IZUMO1,Cluster 2
UBASH3A,Cluster 21
LSP1,Cluster 11
AARSD1,Cluster 2
SCLY,Cluster 11
BIN2,Cluster 6
ATL3,Cluster 3
ACOX1,Cluster 3
PLA2G12A,Cluster 2
STK10,Cluster 3
XYLT2,Cluster 9
FKBP5,Cluster 3
DPPA4,Cluster 12
ANKRA2,Cluster 1
GBA3,Cluster 16
CCDC43,Cluster 15
CTNNBIP1,Cluster 3
GEMIN6,Cluster 6
EEF1E1,Cluster 3
NCBP2,Cluster 1
RPS20,Cluster 11
SNIP1,Cluster 12
TXNL4A,Cluster 13
URM1,Cluster 11
CEP20,Cluster 5
DYRK3,Cluster 15
MACROH2A1,Cluster 11
WWP2,Cluster 12
BTN1A1,Cluster 15
SERPINB2,Cluster 0
CDH20,Cluster 22
ELFN2,Cluster 15
ITGA4|ITGB1,Cluster 5
CD8A|CD8B,Cluster 1
CDH13,Cluster 20
ADGRF2,Cluster 16
ITGA11|ITGB1,Cluster 15
PCDH12,Cluster 15
METRNL,Cluster 7
LILRA1,Cluster 15
NLGN4Y,Cluster 10
ADGRB1,Cluster 18
RELN,Cluster 6
SENP1,Cluster 7
FUT7,Cluster 0
UBE2Q2,Cluster 3
HYAL4,Cluster 0
FUT11,Cluster 15
CHST10,Cluster 11
ST6GALNAC4,Cluster 22
UBE2Q1,Cluster 3
USP2,Cluster 7
C1GALT1|C1GALT1C1,Cluster 3
HS2ST1,Cluster 10
ST6GAL2,Cluster 10
GNE,Cluster 2
OTUD7B,Cluster 3
WDR48,Cluster 2
USP10,Cluster 2
UBE2N|UBE2V1,Cluster 3
BAP1,Cluster 5
USP12|WDR48,Cluster 1
USP22,Cluster 7
SENP2,Cluster 20
USP1|WDR48,Cluster 15
UBA1,Cluster 3
USP46,Cluster 3
USP11,Cluster 1
USP30,Cluster 11
XYLB,Cluster 11
MGAT3,Cluster 18
ABHD4,Cluster 11
CDKL2,Cluster 14
GPX3,Cluster 11
HLA-C,Cluster 12
HOMER3,Cluster 1
ZCCHC17,Cluster 15
MMADHC,Cluster 7
MOB3B,Cluster 6
MYL9,Cluster 3
UNKNOWN,Cluster 21
PPM1G,Cluster 8
RHOQ,Cluster 6
RPN2,Cluster 3
SERPINB3,Cluster 14
SIRT6,Cluster 1
SNF8,Cluster 2
SSTR1,Cluster 14
POU2AF1,Cluster 14
UBQLN3,Cluster 3
RACK1,Cluster 3
SIAH1,Cluster 6
NUBP2,Cluster 1
PICK1,Cluster 7
BMP5,Cluster 1
TIA1,Cluster 3
CBLN2,Cluster 5
FBLN7,Cluster 20
INHA|INHBA,Cluster 1
ITGA3|ITGB1,Cluster 4
ITGA5|ITGB1,Cluster 15
NDP,Cluster 9
YY2,Cluster 0
OTUD3,Cluster 14
OTULIN,Cluster 12
CCL27,Cluster 19
UBE2D1|UBB,Cluster 3
UBE2D3|UBB,Cluster 3
UBA7,Cluster 3
NAE1|UBA3,Cluster 3
WNT10B,Cluster 11
WNT5B,Cluster 10
IL6|IL6R,Cluster 15
ARNT,Cluster 2
BAG6,Cluster 3
PIK3AP1,Cluster 12
ABR,Cluster 3
DAB2,Cluster 2
ICA1,Cluster 7
IKBKG,Cluster 11
ITGAM,Cluster 14
ITGB1BP2,Cluster 3
LPL,Cluster 10
MAP4K5,Cluster 3
PPP1R9B,Cluster 6
NOS3,Cluster 14
NUB1,Cluster 3
PADI2,Cluster 20
PDP1,Cluster 3
PPM1B,Cluster 7
PRKRA,Cluster 10
TRIM21,Cluster 6
SH2B3,Cluster 11
AADAT,Cluster 15
TACC3,Cluster 7
WAS,Cluster 3
ZBTB16,Cluster 7
MAP2K5,Cluster 3
HSPA2,Cluster 3
SUMO4,Cluster 11
COL5A1,Cluster 20
YWHAH,Cluster 3
ALDH1B1,Cluster 1
CAPNS2,Cluster 11
ARHGEF16,Cluster 15
ATP5PB,Cluster 10
TAT,Cluster 7
KCTD13,Cluster 3
BEX2,Cluster 15
BMI1,Cluster 19
BRMS1L,Cluster 15
BTG1,Cluster 16
CASP4,Cluster 7
CCNYL1,Cluster 5
C4orf36,Cluster 16
TIMP1,Cluster 14
COQ5,Cluster 15
COQ6,Cluster 15
CREM,Cluster 14
COPS8,Cluster 18
DCAF12,Cluster 14
DLX2,Cluster 15
DYTN,Cluster 3
ETV4,Cluster 0
FAM102B,Cluster 15
FAM204A,Cluster 16
FAM86B1,Cluster 21
FBXO48,Cluster 10
FOSL2,Cluster 12
FOXO4,Cluster 2
FOXP3,Cluster 14
FUNDC1,Cluster 12
GSC2,Cluster 16
GALNT9,Cluster 14
GATAD1,Cluster 15
GEMIN7,Cluster 10
ADAT1,Cluster 7
DMRTC2,Cluster 7
FAM110A,Cluster 3
HEY1,Cluster 21
KRT34,Cluster 15
LACTB2,Cluster 3
MITF,Cluster 3
PWWP3A,Cluster 14
PITX3,Cluster 19
SAP30L,Cluster 15
CCDC59,Cluster 15
TCF21,Cluster 15
ZFP36,Cluster 12
ANP32C,Cluster 15
H2AC1,Cluster 14
H2BC12,Cluster 13
IP6K1,Cluster 3
TLK1,Cluster 15
CBLC,Cluster 7
PELI1,Cluster 11
KDM1A,Cluster 12
CHN1,Cluster 14
SRFBP1,Cluster 19
SRPK1,Cluster 10
CABP5,Cluster 15
HES1,Cluster 1
HMX2,Cluster 20
TCF12,Cluster 18
HOXC11,Cluster 1
HOXD4,Cluster 18
IP6K2,Cluster 22
IQCD,Cluster 15
CSNK1A1L,Cluster 5
KCTD7,Cluster 15
KLF9,Cluster 11
LDB2,Cluster 15
LYRM1,Cluster 7
MED11,Cluster 21
MKX,Cluster 15
NADK2,Cluster 11
NAA20,Cluster 11
NDUFB10,Cluster 14
NFE2L2,Cluster 6
NKD2,Cluster 10
NRL,Cluster 19
NSMCE2,Cluster 1
OTX2,Cluster 13
PABPC5,Cluster 7
PAX3,Cluster 10
PHF6,Cluster 18
PHYHD1,Cluster 15
PITX2,Cluster 9
PLAC8L1,Cluster 15
PPP1R10,Cluster 6
PPP1R42,Cluster 15
PSMB7,Cluster 18
GINS1,Cluster 21
RAD51C,Cluster 11
RALYL,Cluster 1
RIPK1,Cluster 1
RPL38,Cluster 10
MRPL10,Cluster 3
MRPL50,Cluster 12
EVI2A,Cluster 15
KIRREL1,Cluster 18
ADCYAP1R1,Cluster 18
DSG4,Cluster 15
SIGLEC14,Cluster 15
ROBO2,Cluster 2
NRXN1,Cluster 3
ULBP2,Cluster 12
LRP6,Cluster 11
FZD4,Cluster 14
EPHA6,Cluster 11
ADGRB2,Cluster 14
FZD2,Cluster 11
FZD1,Cluster 7
FZD9,Cluster 14
SLC25A38,Cluster 15
SAMM50,Cluster 12
SDHB,Cluster 3
TSEN34,Cluster 3
SMCO1,Cluster 15
SPI1,Cluster 14
SPANXN3,Cluster 15
SULT6B1,Cluster 15
GTF2A2,Cluster 15
TADA2A,Cluster 20
TAF12,Cluster 10
TAF8,Cluster 0
TERB2,Cluster 15
THAP2,Cluster 15
TRAPPC6B,Cluster 6
TRIM27,Cluster 14
TRIM40,Cluster 6
TRIM9,Cluster 14
SLC25A1,Cluster 19
UNG,Cluster 18
ATP6V1C2,Cluster 3
VHLL,Cluster 15
ZC3H8,Cluster 0
ZDHHC4,Cluster 1
ZNF230,Cluster 1
ZNF263,Cluster 15
ZNF696,Cluster 1
ZNF69,Cluster 15
ZSWIM7,Cluster 14
MAPK6,Cluster 0
PPM1M,Cluster 3
CCL7,Cluster 19
CXCL3,Cluster 1
HMGB2,Cluster 22
CCL22,Cluster 21
SIRT2,Cluster 22
TNFAIP1,Cluster 14
KCTD6,Cluster 15
DAG1,Cluster 7
HNMT,Cluster 18
LTK,Cluster 14
RNF31,Cluster 6
VCPIP1,Cluster 3
SCPEP1,Cluster 3
ETV2,Cluster 5
CFAP300,Cluster 1
TRIM62,Cluster 5
C12orf76,Cluster 5
TIMM10B,Cluster 3
SSNA1,Cluster 3
RPS25,Cluster 3
SPATC1L,Cluster 15
BLOC1S1,Cluster 6
TCEAL4,Cluster 20
DNAJB3,Cluster 15
COMTD1,Cluster 12
NDUFAF3,Cluster 21
TLDC2,Cluster 0
COMMD10,Cluster 14
EEF1AKMT1,Cluster 7
C1orf50,Cluster 15
CRYBB3,Cluster 15
MED10,Cluster 18
TPD52L2,Cluster 3
MITD1,Cluster 3
FRG1,Cluster 5
SPATA33,Cluster 15
EBP,Cluster 16
DPCD,Cluster 1
C22orf23,Cluster 15
EFCAB1,Cluster 7
C2orf68,Cluster 21
ARL8A,Cluster 3
LMO4,Cluster 21
RNF141,Cluster 11
NDUFB6,Cluster 2
LRRC20,Cluster 15
SMN1,Cluster 6
CEP112,Cluster 21
MLX,Cluster 1
SFRP5,Cluster 7
THEM4,Cluster 3
TPPP,Cluster 7
CXCL12,Cluster 11
RBPMS2,Cluster 10
MSX2,Cluster 8
TXNDC9,Cluster 12
REEP2,Cluster 15
CLUAP1,Cluster 6
RPP25,Cluster 1
CCDC103,Cluster 15
FAM9B,Cluster 15
PCTP,Cluster 2
ZFAND2B,Cluster 6
DUPD1,Cluster 5
HSPB3,Cluster 2
BMERB1,Cluster 15
BORCS5,Cluster 7
RAB4B,Cluster 3
GUCD1,Cluster 20
LCE3C,Cluster 15
KCNRG,Cluster 6
TCF24,Cluster 15
DMC1,Cluster 15
ARRDC5,Cluster 1
ROGDI,Cluster 15
NECAB1,Cluster 5
PCYT1A,Cluster 14
FAM118B,Cluster 3
PRMT1,Cluster 1
DTNBP1,Cluster 16
CRYBA2,Cluster 4
CCDC24,Cluster 15
RBM4,Cluster 3
NT5C1A,Cluster 1
PCBP2,Cluster 3
FNDC8,Cluster 15
ANKRD40,Cluster 9
KCNAB3,Cluster 15
NIF3L1,Cluster 1
DPH5,Cluster 16
RFPL3,Cluster 15
CGGBP1,Cluster 1
C16orf72,Cluster 15
SEPTIN1,Cluster 1
CASTOR1,Cluster 15
FAHD2A,Cluster 3
PLEKHA3,Cluster 2
ABHD5,Cluster 1
GAS2,Cluster 20
KHDRBS2,Cluster 6
NUP35,Cluster 3
GDAP1L1,Cluster 15
CDC42EP4,Cluster 7
MAD2L2,Cluster 11
HORMAD2,Cluster 18
RASSF5,Cluster 13
OLAH,Cluster 12
SYAP1,Cluster 2
EIF3M,Cluster 3
ANKRD45,Cluster 15
ZNF483,Cluster 10
CCDC92,Cluster 1
RFC4,Cluster 8
ERMN,Cluster 7
VCX,Cluster 4
FAM151B,Cluster 14
TMEM221,Cluster 1
NME7,Cluster 3
NTAN1,Cluster 12
KTI12,Cluster 3
PHYHIPL,Cluster 15
STARD7,Cluster 4
TMOD4,Cluster 12
HSH2D,Cluster 15
RTF2,Cluster 9
DENND10,Cluster 6
CLYBL,Cluster 3
GOLPH3L,Cluster 3
TRUB1,Cluster 3
NDEL1,Cluster 7
TCEA3,Cluster 14
KDF1,Cluster 15
TADA3,Cluster 1
ABI3,Cluster 15
SHD,Cluster 5
VGLL4,Cluster 14
METTL2B,Cluster 15
DDRGK1,Cluster 3
CEP41,Cluster 3
APOL2,Cluster 15
GNAQ,Cluster 6
MEIS2,Cluster 7
STARD10,Cluster 10
ZKSCAN7,Cluster 20
YJU2,Cluster 14
COX19,Cluster 7
BEX4,Cluster 15
PRR15,Cluster 3
GHRL,Cluster 6
NUDT15,Cluster 1
HSDL2,Cluster 3
PPP1R27,Cluster 15
MB21D2,Cluster 15
CCDC89,Cluster 15
AGFG2,Cluster 3
ACOT12,Cluster 11
NAPEPLD,Cluster 21
TCP11L1,Cluster 15
SAMD4B,Cluster 3
C16orf71,Cluster 15
TRMT112,Cluster 2
PADI1,Cluster 15
ZNF593,Cluster 12
C19orf53,Cluster 16
TIMM13,Cluster 7
INIP,Cluster 0
PSENEN,Cluster 1
KIAA1143,Cluster 15
VMAC,Cluster 4
GALK2,Cluster 15
RNF25,Cluster 11
CARNMT1,Cluster 15
NPEPL1,Cluster 15
EHD2,Cluster 6
HSD17B4,Cluster 3
HACL1,Cluster 6
AIPL1,Cluster 18
ALG2,Cluster 3
PUS7,Cluster 6
NARS2,Cluster 12
BZW2,Cluster 3
XPNPEP3,Cluster 15
SH3BP5,Cluster 3
RTKN,Cluster 10
PSMC3,Cluster 1
MIEF1,Cluster 3
GFPT2,Cluster 15
DPH2,Cluster 11
SPDL1,Cluster 14
PSMD6,Cluster 6
DBT,Cluster 3
NCKIPSD,Cluster 3
SOX10,Cluster 11
DSCC1,Cluster 21
ZC3H12A,Cluster 9
HENMT1,Cluster 15
TBC1D20,Cluster 3
CPNE6,Cluster 17
RBM41,Cluster 22
TTLL12,Cluster 3
ACSS3,Cluster 6
MKNK1,Cluster 3
DLST,Cluster 2
ABCF3,Cluster 3
PDLIM5,Cluster 6
C2CD2L,Cluster 3
CTPS1,Cluster 3
C5,Cluster 7
RAB7A,Cluster 3
PPM1F,Cluster 3
PRRT2,Cluster 14
ITGB1,Cluster 14
GRM4,Cluster 14
PROCR,Cluster 14
IFNE,Cluster 14
GSK3B,Cluster 6
CSTF1,Cluster 1
EEF1G,Cluster 3
PTER,Cluster 15
APOE,Cluster 9
PAGE4,Cluster 15
HMGCL,Cluster 3
PRRX1,Cluster 15
S100A8,Cluster 10
PPARG,Cluster 6
EHD1,Cluster 3
RILP,Cluster 3
KLC3,Cluster 6
C15orf40,Cluster 3
C12orf65,Cluster 20
SETD3,Cluster 3
DAPK3,Cluster 14
OCLN,Cluster 10
MEF2D,Cluster 14
PWWP2B,Cluster 12
GAB1,Cluster 6
NME8,Cluster 14
TTC25,Cluster 14
MEIG1,Cluster 15
LSMEM1,Cluster 15
C8A|C8B|C8G,Cluster 1
C20orf202,Cluster 15
SCP2,Cluster 3
CEACAM16,Cluster 15
CRACR2A,Cluster 15
KDM8,Cluster 15
TRAPPC13,Cluster 15
BMT2,Cluster 15
CRPPA,Cluster 15
NARF,Cluster 15
CXCL16,Cluster 11
MBNL1,Cluster 10
RDH13,Cluster 7
FGF10,Cluster 14
SYCE1L,Cluster 15
PYGB,Cluster 7
SND1,Cluster 12
RABEP1,Cluster 3
MOCOS,Cluster 10
DOHH,Cluster 22
SPATA24,Cluster 15
TBC1D25,Cluster 3
MARS1,Cluster 3
CTNNA1,Cluster 6
GDPD1,Cluster 11
ZNF580,Cluster 15
GRIPAP1,Cluster 3
PHYHIP,Cluster 15
DNM1,Cluster 6
DLGAP4,Cluster 6
YJEFN3,Cluster 14
NCBP1,Cluster 7
FAM221A,Cluster 6
CRYGA,Cluster 5
MTHFD2L,Cluster 3
ASAP3,Cluster 15
USF2,Cluster 12
COPB2,Cluster 2
CNGB1,Cluster 19
NDRG2,Cluster 20
LPIN1,Cluster 22
PCBP3,Cluster 3
SHARPIN,Cluster 2
TTC9,Cluster 3
SNX12,Cluster 3
ASCC2,Cluster 2
TMEM225B,Cluster 15
BCAP31,Cluster 15
HES3,Cluster 15
PLA2G5,Cluster 18
THAP4,Cluster 14
MTMR7,Cluster 12
RILPL1,Cluster 3
TRIML1,Cluster 15
LGSN,Cluster 2
RIPPLY3,Cluster 15
TRAPPC6A,Cluster 12
DRAP1,Cluster 15
TCEAL5,Cluster 3
FAM92A,Cluster 15
BIN3,Cluster 20
AGXT,Cluster 15
SLBP,Cluster 7
NTAQ1,Cluster 6
RTN1,Cluster 3
RILPL2,Cluster 3
PHETA2,Cluster 21
CCDC115,Cluster 6
MAP6D1,Cluster 15
TTC36,Cluster 15
CT45A1,Cluster 15
PIH1D1,Cluster 3
EGLN2,Cluster 11
CFAP298,Cluster 21
RER1,Cluster 3
AVEN,Cluster 6
ETV7,Cluster 15
TMX1,Cluster 15
CYBRD1,Cluster 22
GIMAP4,Cluster 20
SNX11,Cluster 6
ACBD4,Cluster 5
TTPAL,Cluster 3
DMRTB1,Cluster 15
CAVIN1,Cluster 7
CABP2,Cluster 5
SLC9A3R1,Cluster 3
PLEKHB1,Cluster 15
HNRNPA0,Cluster 8
PRPF18,Cluster 11
ARL6IP1,Cluster 3
DTNA,Cluster 20
COMMD5,Cluster 18
CFDP1,Cluster 17
CXorf38,Cluster 3
DHRS3,Cluster 22
MTUS2,Cluster 18
SHOX,Cluster 15
GTPBP10,Cluster 15
PTPA,Cluster 3
LRRC75A,Cluster 15
ANKRD16,Cluster 3
GOLPH3,Cluster 2
SPIN3,Cluster 0
EIF2S2,Cluster 3
VPS26B,Cluster 6
COPS5,Cluster 18
KIT,Cluster 6
EPS8L2,Cluster 12
MEN1,Cluster 7
SCFD1,Cluster 7
EPS8L1,Cluster 15
VPS9D1,Cluster 17
VIL1,Cluster 6
GPHN,Cluster 14
KLHL14,Cluster 15
STXBP4,Cluster 14
PMPCA,Cluster 2
AMPH,Cluster 14
PLCD1,Cluster 10
NONO,Cluster 6
WDR26,Cluster 1
EZH2,Cluster 12
DNAJC1,Cluster 3
GLS,Cluster 3
NHLRC2,Cluster 20
SCRN3,Cluster 15
KHSRP,Cluster 9
MZT2A,Cluster 6
SOX6,Cluster 22
EPS8L3,Cluster 15
FOXP1,Cluster 18
AP2B1,Cluster 2
CLUH,Cluster 15
SNX27,Cluster 2
NUMBL,Cluster 11
PSPC1,Cluster 15
SARG,Cluster 3
VAC14,Cluster 12
FUBP3,Cluster 6
KIF3B,Cluster 5
AP1B1,Cluster 7
ZHX2,Cluster 18
METTL3,Cluster 6
RFX5,Cluster 9
CYB5R4,Cluster 3
SH3KBP1,Cluster 10
PCDH1,Cluster 15
INPP5F,Cluster 3
MICALL1,Cluster 3
VILL,Cluster 15
EIF3B,Cluster 3
DYNC1LI1,Cluster 3
ERC1,Cluster 3
VCP,Cluster 3
RANGAP1,Cluster 1
DNPEP,Cluster 15
WEE2,Cluster 20
KLHL3,Cluster 10
ME2,Cluster 3
OXCT1,Cluster 3
PACSIN2,Cluster 3
GFRA3,Cluster 12
TPP2,Cluster 1
FTO,Cluster 1
CRLF3,Cluster 15
OSBP,Cluster 7
ACTN4,Cluster 7
HDAC6,Cluster 3
ELMO2,Cluster 6
INPP4A,Cluster 3
GYG2,Cluster 14
GLUD2,Cluster 3
GK5,Cluster 1
ZBTB10,Cluster 21
ATG4C,Cluster 3
DIAPH1,Cluster 3
ASPSCR1,Cluster 3
GRAMD2B,Cluster 15
TRIM28,Cluster 14
SRGAP2,Cluster 3
DDX1,Cluster 3
VANGL1,Cluster 14
ACSS2,Cluster 4
SNCAIP,Cluster 12
CMIP,Cluster 3
VPS53,Cluster 2
ATE1,Cluster 3
EXOC7,Cluster 12
RAD18,Cluster 10
RPS6KB2,Cluster 14
FHOD1,Cluster 3
CCDC9,Cluster 3
PGM5,Cluster 6
BICD1,Cluster 3
APEX2,Cluster 21
STAC,Cluster 18
HECW2,Cluster 15
GFRA2,Cluster 14
CCL21,Cluster 12
GNG12,Cluster 14
TIMM10,Cluster 3
SPANXA1,Cluster 15
ATP6V1F,Cluster 6
CYSRT1,Cluster 15
TCEAL2,Cluster 15
CCL5,Cluster 1
EHD3,Cluster 3
DPH7,Cluster 7
METTL26,Cluster 11
EEF2KMT,Cluster 15
CATIP,Cluster 3
HECTD3,Cluster 15
RIC8A,Cluster 11
ARMC8,Cluster 1
NUMB,Cluster 6
PDHA2,Cluster 3
ENPP3,Cluster 1
MTSS2,Cluster 3
TMUB1,Cluster 11
EEF1A1,Cluster 3
OLIG1,Cluster 22
SPATA5,Cluster 18
CYBC1,Cluster 6
FAM219B,Cluster 3
ANKS3,Cluster 5
ARHGAP24,Cluster 15
INPP5D,Cluster 3
FNBP1,Cluster 14
OSBPL1A,Cluster 3
PML,Cluster 10
CDH23,Cluster 5
ANKRD2,Cluster 3
HDAC4,Cluster 11
RABL6,Cluster 3
PANK1,Cluster 10
ARHGAP6,Cluster 3
LIMD1,Cluster 3
DPP8,Cluster 18
AZIN1,Cluster 14
CTNNA3,Cluster 18
UBA6,Cluster 3
KBTBD11,Cluster 15
RABGAP1L,Cluster 3
EIF4G1,Cluster 3
PLEKHM2,Cluster 6
CES3,Cluster 3
AMOT,Cluster 15
KDM4C,Cluster 14
NCOA7,Cluster 3
MALT1,Cluster 12
WDR18,Cluster 12
LIMK1,Cluster 3
FXYD6,Cluster 3
GAGE2B,Cluster 9
LCE3B,Cluster 20
PRX,Cluster 11
SPANXN4,Cluster 15
RPP40,Cluster 14
IFRD1,Cluster 15
NSUN6,Cluster 6
SCCPDH,Cluster 14
ANKMY2,Cluster 14
NT5DC1,Cluster 19
INPP5A,Cluster 3
YAP1,Cluster 12
ROPN1B,Cluster 3
PSMC5,Cluster 7
IRF5,Cluster 20
SAG,Cluster 10
PRKAR2B,Cluster 7
CYP2C19,Cluster 15
MLIP,Cluster 20
SOX9,Cluster 14
BEGAIN,Cluster 15
FNTA,Cluster 16
LRRFIP2,Cluster 6
ARID3C,Cluster 14
LNPK,Cluster 3
TOM1,Cluster 12
FAM221B,Cluster 3
RAB11FIP3,Cluster 3
CLNK,Cluster 15
CFI,Cluster 18
MPO,Cluster 12
ALOX5,Cluster 15
ABCD4,Cluster 14
CASP5,Cluster 5
CHID1,Cluster 20
GLUD1,Cluster 6
DOCK2,Cluster 20
EML2,Cluster 15
FCGBP,Cluster 15
FTH1,Cluster 11
HEXA,Cluster 15
LRP5,Cluster 8
LDB1,Cluster 12
PKN2,Cluster 21
PLCD3,Cluster 14
PTPRN,Cluster 18
PLS3,Cluster 3
WNK1,Cluster 7
XPO5,Cluster 3
TNFSF9,Cluster 11
EIF5,Cluster 7
EFNA5,Cluster 11
ERBB3,Cluster 7
HMOX2,Cluster 10
HSP90AA1,Cluster 3
LTBR,Cluster 1
MRC1,Cluster 14
MST1R,Cluster 6
PAFAH1B2,Cluster 11
CDH3,Cluster 21
PRKCZ,Cluster 14
GDI2,Cluster 3
ICAM3,Cluster 9
PLAUR,Cluster 11
TNFRSF1A,Cluster 14
NTRK3,Cluster 14
TNFRSF17,Cluster 7
CAPN1|CAPNS1,Cluster 3
C3,Cluster 1
PLA2G2A,Cluster 7
PECAM1,Cluster 1
PSPN,Cluster 21
PF4,Cluster 1
PROS1,Cluster 11
SERPINA7,Cluster 11
AIMP1,Cluster 12
CSF3R,Cluster 18
IL37,Cluster 0
MICA,Cluster 18
POR,Cluster 22
NANOG,Cluster 9
NCR2,Cluster 14
SIGLEC6,Cluster 6
SIGLEC7,Cluster 20
IGHG1,Cluster 3
ULBP3,Cluster 12
FGF18,Cluster 14
FGF20,Cluster 12
GDF11|MSTN,Cluster 14
CCL4L1,Cluster 15
CCL3L1,Cluster 1
MMP3,Cluster 1
SOD1,Cluster 8
FGA|FGB|FGG,Cluster 20
ACE2,Cluster 14
ANGPT1,Cluster 1
AGRP,Cluster 5
CDH5,Cluster 22
COMMD7,Cluster 11
CX3CL1,Cluster 8
SPINT1,Cluster 20
KLK11,Cluster 9
KLK4,Cluster 10
LCN2,Cluster 22
MMP17,Cluster 1
SPINT2,Cluster 10
TIE1,Cluster 14
RPS27A,Cluster 2
CHEK1,Cluster 10
MAPK3,Cluster 2
HDAC8,Cluster 9
MAP2K1,Cluster 3
RAC1,Cluster 3
RAD51,Cluster 8
TBP,Cluster 11
UBE2I,Cluster 1
YES1,Cluster 6
SERPINA3,Cluster 2
CCL14,Cluster 3
SERPINE1,Cluster 1
CYCS,Cluster 12
NBL1,Cluster 1
PLA2G10,Cluster 7
IGFBP4,Cluster 10
IGF1,Cluster 10
CGA|LHB,Cluster 6
MMP8,Cluster 20
CFP,Cluster 12
PROC,Cluster 9
AREG,Cluster 7
CD36,Cluster 11
CNTN1,Cluster 3
EDAR,Cluster 6
CXCL1,Cluster 0
IL1R1,Cluster 12
IL1RL2,Cluster 12
JAM3,Cluster 3
MBL2,Cluster 10
PDCD1LG2,Cluster 14
SIGLEC9,Cluster 18
TGFBR3,Cluster 10
CTLA4,Cluster 14
FGF2,Cluster 11
LGALS2,Cluster 12
IL19,Cluster 11
IL1B,Cluster 9
CCL3,Cluster 15
MRC2,Cluster 21
PRSS1,Cluster 6
HP,Cluster 11
IL4R,Cluster 9
FGF5,Cluster 14
LGALS3,Cluster 6
GDF9,Cluster 5
IGHM,Cluster 15
IL18BP,Cluster 0
DIABLO,Cluster 11
VEGFC,Cluster 11
CD4,Cluster 10
IL2RA,Cluster 14
TNFRSF1B,Cluster 14
ADAMTS5,Cluster 10
IDUA,Cluster 14
METAP2,Cluster 3
ARSB,Cluster 15
CTSA,Cluster 10
CTSS,Cluster 18
F7,Cluster 13
TMPRSS15,Cluster 12
WFIKKN1,Cluster 8
CNDP2,Cluster 1
GP6,Cluster 6
IDE,Cluster 3
IDS,Cluster 11
KREMEN2,Cluster 1
LTA4H,Cluster 3
MEPE,Cluster 10
NID1,Cluster 7
NRP1,Cluster 18
PIGR,Cluster 14
ACP5,Cluster 14
CCDC80,Cluster 15
FCER2,Cluster 7
CD48,Cluster 11
CD5L,Cluster 20
CFC1,Cluster 22
CNTN2,Cluster 7
CNTN4,Cluster 21
DLL4,Cluster 0
FCGR2A,Cluster 14
FCGR3B,Cluster 10
GFRA1,Cluster 12
GPC2,Cluster 5
SERPIND1,Cluster 10
IL24,Cluster 10
LRP8,Cluster 11
LY9,Cluster 10
CADM1,Cluster 11
RGMB,Cluster 9
HJV,Cluster 9
TFPI,Cluster 14
THBS4,Cluster 19
ACY1,Cluster 5
SERPINC1,Cluster 7
AURKB,Cluster 1
GRK2,Cluster 3
BMP1,Cluster 17
CDK2|CCNA2,Cluster 16
CDK8|CCNC,Cluster 3
CD207,Cluster 7
CHRDL1,Cluster 0
CSK,Cluster 3
CTSV,Cluster 10
ECM1,Cluster 21
FETUB,Cluster 21
GZMH,Cluster 14
HCK,Cluster 10
PRKCI,Cluster 3
LYN,Cluster 6
PAK3,Cluster 3
PAK5,Cluster 6
AKT3,Cluster 3
PLK1,Cluster 7
TBK1,Cluster 12
PTPN2,Cluster 7
UFC1,Cluster 3
BCL2,Cluster 6
BCL2A1,Cluster 15
CAMK1D,Cluster 1
CA13,Cluster 3
CDK1|CCNB1,Cluster 4
CSNK2A1,Cluster 14
FLT3,Cluster 1
FSTL3,Cluster 11
GSK3A,Cluster 3
CXCL8,Cluster 14
INSR,Cluster 11
PDGFRB,Cluster 12
PRKACA,Cluster 3
SELE,Cluster 14
STK16,Cluster 1
BIRC5,Cluster 1
MPL,Cluster 10
NTRK1,Cluster 14
DUSP3,Cluster 1
XPNPEP1,Cluster 3
AGT,Cluster 16
FGF1,Cluster 11
CAT,Cluster 3
CNTF,Cluster 1
FGF17,Cluster 11
CXCL6,Cluster 0
IL17A,Cluster 14
CPB2,Cluster 6
CGA|TSHB,Cluster 3
VIP,Cluster 14
DDC,Cluster 21
ARSA,Cluster 15
BSG,Cluster 7
CASP3,Cluster 7
CLEC7A,Cluster 14
MASP1,Cluster 11
ECE1,Cluster 3
GNS,Cluster 3
LY86,Cluster 14
MMEL1,Cluster 14
MAP2K2,Cluster 6
TLR4|LY96,Cluster 12
KDR,Cluster 12
A2M,Cluster 3
CDKN1B,Cluster 12
PYY,Cluster 6
TEK,Cluster 1
CDH2,Cluster 14
CA9,Cluster 14
CKB,Cluster 15
ESM1,Cluster 0
EPHA5,Cluster 13
FGF23,Cluster 14
FGFR2,Cluster 14
FGR,Cluster 16
FYN,Cluster 10
MAPKAPK2,Cluster 2
MAPKAPK5,Cluster 11
MAPKAPK3,Cluster 3
MATK,Cluster 10
MAPK8,Cluster 6
PAK6,Cluster 3
PTEN,Cluster 3
TLR2,Cluster 11
UFM1,Cluster 3
ZAP70,Cluster 6
AIP,Cluster 3
PPIA,Cluster 3
DYNLRB1,Cluster 3
GAPDH,Cluster 3
DNAJB1,Cluster 3
NACA,Cluster 3
PRDX1,Cluster 3
ACP1,Cluster 3
PSMA1,Cluster 21
RPS7,Cluster 12
SBDS,Cluster 2
SEZ6L2,Cluster 2
TPO,Cluster 1
UBE2L3,Cluster 2
ARID3A,Cluster 18
CDC37,Cluster 3
DYNLL1,Cluster 11
ING1,Cluster 3
LMNB1,Cluster 18
LDHB,Cluster 2
MED1,Cluster 14
MSLN,Cluster 20
NAGK,Cluster 14
PGAM1,Cluster 3
PDXP,Cluster 3
SKP1,Cluster 22
SNX4,Cluster 3
UBE2N,Cluster 2
AGER,Cluster 14
C6,Cluster 10
CCL24,Cluster 14
IL17D,Cluster 20
CXCL10,Cluster 12
CCL13,Cluster 10
NTF4,Cluster 14
PAPPA,Cluster 11
PDGFB,Cluster 1
KLKB1,Cluster 11
F2,Cluster 7
CFH,Cluster 14
TF,Cluster 6
H2AZ1,Cluster 21
PGD,Cluster 3
AKR7A2,Cluster 1
CFL1,Cluster 3
VTA1,Cluster 3
EPS15L1,Cluster 2
HSD17B10,Cluster 3
FER,Cluster 7
EIF4G2,Cluster 3
IL1RL1,Cluster 12
LCMT1,Cluster 16
PKM,Cluster 3
L1CAM,Cluster 7
NME2,Cluster 3
NSFL1C,Cluster 3
NUDCD3,Cluster 14
PA2G4,Cluster 1
PES1,Cluster 10
PFDN5,Cluster 6
GPI,Cluster 1
RBM39,Cluster 11
TK1,Cluster 1
LCORL,Cluster 6
TKT,Cluster 2
PTPN6,Cluster 9
AMN,Cluster 8
CLEC1B,Cluster 3
CRP,Cluster 10
ICAM1,Cluster 10
GDF15,Cluster 15
INHBA|INHBB,Cluster 7
DHH,Cluster 9
FGF12,Cluster 15
IFNL2,Cluster 14
ADAM12,Cluster 11
CHST6,Cluster 14
ENTPD5,Cluster 1
HNRNPAB,Cluster 1
MFGE8,Cluster 9
PCSK7,Cluster 3
PDPK1,Cluster 3
SPHK2,Cluster 3
TGM3,Cluster 22
TPM2,Cluster 1
C5|C6,Cluster 15
IL11,Cluster 20
MMP12,Cluster 0
PDGFA,Cluster 6
ADAMTS15,Cluster 5
PRSS22,Cluster 5
COL23A1,Cluster 7
DNAJC19,Cluster 8
FUT3,Cluster 14
ADGRG5,Cluster 6
HDGFL2,Cluster 18
IL34,Cluster 1
PLCG1,Cluster 6
RSPO2,Cluster 14
SH2D1A,Cluster 11
SLITRK5,Cluster 7
SORCS2,Cluster 14
PPY,Cluster 6
ADCYAP1,Cluster 18
CSF2,Cluster 18
LTA,Cluster 13
EPB41,Cluster 6
HSD17B1,Cluster 10
APOD,Cluster 0
IL3,Cluster 12
PDIA3,Cluster 2
TFF3,Cluster 5
OLFM4,Cluster 22
LPO,Cluster 7
ITIH4,Cluster 6
SELL,Cluster 12
TNFRSF10A,Cluster 14
EPHA2,Cluster 14
CSF3,Cluster 13
GPC3,Cluster 14
IL1A,Cluster 14
ANG,Cluster 15
WNT7A,Cluster 11
GCG,Cluster 3
PPP3CA|PPP3R1,Cluster 3
COTL1,Cluster 22
ENG,Cluster 0
PLA2G1B,Cluster 7
CCL16,Cluster 15
CGA|CGB3|CGB7,Cluster 7
IGHD,Cluster 20
LYZ,Cluster 20
CCL19,Cluster 12
MMP13,Cluster 14
SHBG,Cluster 14
F3,Cluster 1
EREG,Cluster 18
ANXA1,Cluster 15
ARPP19,Cluster 7
ATP5F1B,Cluster 1
CAPG,Cluster 2
CTSZ,Cluster 21
BIRC3,Cluster 11
CRK,Cluster 1
DBNL,Cluster 3
DPT,Cluster 18
DSC3,Cluster 21
PI3,Cluster 3
ESD,Cluster 2
FABP5,Cluster 14
PTK2,Cluster 14
FCAR,Cluster 10
FGFR4,Cluster 14
FGG,Cluster 14
GP1BA,Cluster 10
GPC5,Cluster 15
HRG,Cluster 1
LGALS3BP,Cluster 10
SCGB2A1,Cluster 21
MMP14,Cluster 13
MAPK11,Cluster 10
MSN,Cluster 11
NAMPT,Cluster 1
AK1,Cluster 1
CLIC1,Cluster 6
NCK1,Cluster 12
PLA2G7,Cluster 1
PRDX5,Cluster 11
PRDX6,Cluster 6
UCHL1,Cluster 11
PGK1,Cluster 3
PPA1,Cluster 3
ADSL,Cluster 1
RB1,Cluster 11
RPS3,Cluster 14
TPM1,Cluster 14
TYMS,Cluster 1
TNFAIP6,Cluster 1
CD274,Cluster 22
CD226,Cluster 15
CD244,Cluster 20
EPHA10,Cluster 11
EPHB6,Cluster 13
IL1RAPL2,Cluster 15
IL20RA,Cluster 12
IL22RA2,Cluster 11
IL23R,Cluster 13
IL7R,Cluster 14
LILRB1,Cluster 18
LILRB2,Cluster 14
JAG1,Cluster 0
JAG2,Cluster 20
JAML,Cluster 14
KIR3DL2,Cluster 12
NCR1,Cluster 12
RTN4R,Cluster 3
CD200,Cluster 14
ROBO3,Cluster 7
SEMA6B,Cluster 1
SEMA6A,Cluster 12
SLAMF6,Cluster 13
SCARF1,Cluster 7
TNFRSF19,Cluster 14
TGFBR2,Cluster 14
TNFRSF12A,Cluster 14
UNC5C,Cluster 12
PDE7A,Cluster 11
PDE9A,Cluster 10
PPID,Cluster 3
GCKR,Cluster 11
CSNK2A1|CSNK2B,Cluster 3
PDK1,Cluster 3
PCSK9,Cluster 10
PPIE,Cluster 7
MAP2K4,Cluster 11
PRKAA2|PRKAB2|PRKAG1,Cluster 6
PDE2A,Cluster 9
STK17B,Cluster 14
IMPDH2,Cluster 10
PDE11A,Cluster 3
PDE3A,Cluster 9
CALR,Cluster 14
MMP16,Cluster 14
VAV1,Cluster 3
SLC25A18,Cluster 16
ANXA6,Cluster 1
CD86,Cluster 7
CPE,Cluster 11
CCNB1,Cluster 14
DLL1,Cluster 21
KRT18,Cluster 20
NLGN4X,Cluster 11
PIM1,Cluster 22
SET,Cluster 14
TNFRSF13C,Cluster 2
FAS,Cluster 14
TNFRSF21,Cluster 11
NPPA,Cluster 11
ALCAM,Cluster 3
ASGR1,Cluster 1
DDX19B,Cluster 3
GAS1,Cluster 0
GRB2,Cluster 2
HSP90AB1,Cluster 3
PRKCB,Cluster 2
RASA1,Cluster 11
RGMA,Cluster 15
SLAMF7,Cluster 14
STIP1,Cluster 3
WNK3,Cluster 6
CTSD,Cluster 12
TNFRSF10B,Cluster 14
FGL1,Cluster 20
MINPP1,Cluster 2
ZPLD1,Cluster 15
PCYOX1L,Cluster 5
PGLYRP2,Cluster 6
RNASE10,Cluster 15
HPSE,Cluster 10
MFNG,Cluster 15
FAM171A1,Cluster 21
HINT2,Cluster 3
FAM172A,Cluster 15
NPFF,Cluster 17
PAM,Cluster 1
THSD1,Cluster 15
CTRC,Cluster 12
SEMA3G,Cluster 5
KLRC1,Cluster 21
CD300A,Cluster 15
MLN,Cluster 7
CRTAC1,Cluster 15
POFUT1,Cluster 10
MFAP4,Cluster 11
NTNG1,Cluster 14
COLGALT1,Cluster 14
RNASE4,Cluster 4
CTRB2,Cluster 6
PSG4,Cluster 5
PDIA6,Cluster 3
PSG7,Cluster 5
PRSS37,Cluster 15
TMX3,Cluster 15
ST3GAL1,Cluster 14
TRH,Cluster 9
IL18,Cluster 10
SIRPB2,Cluster 15
CTRB1,Cluster 6
C2orf66,Cluster 5
DEFB103A,Cluster 4
PRKCSH,Cluster 3
CBLN4,Cluster 7
TUFT1,Cluster 15
CRISPLD2,Cluster 1
FAM189A2,Cluster 15
CLEC3B,Cluster 3
ELK3,Cluster 3
IFNL3,Cluster 14
ABHD14A,Cluster 15
CSAG1,Cluster 15
CILP,Cluster 16
INSL3,Cluster 18
B3GLCT,Cluster 0
CXCL14,Cluster 11
C1GALT1C1,Cluster 13
TREML2,Cluster 12
KRTDAP,Cluster 5
ROBO1,Cluster 3
CARTPT,Cluster 5
ASAH1,Cluster 6
SUSD3,Cluster 0
PAPPA2,Cluster 11
GNAS,Cluster 11
DEFB104A,Cluster 4
DEFB121,Cluster 22
BID,Cluster 11
NGF,Cluster 14
EPO,Cluster 11
IFNGR1,Cluster 12
S100A12,Cluster 9
YWHAZ,Cluster 2
HAAO,Cluster 15
ARG1,Cluster 5
BAD,Cluster 3
DCTN2,Cluster 0
EEF1B2,Cluster 3
EIF4H,Cluster 3
EIF5A,Cluster 7
GRP,Cluster 1
HINT1,Cluster 7
PEX5,Cluster 3
FTH1|FTL,Cluster 11
THPO,Cluster 7
SST,Cluster 14
DMKN,Cluster 16
BOLA3,Cluster 3
UTS2,Cluster 1
NELL2,Cluster 3
RLN3,Cluster 21
CRHBP,Cluster 11
PIP,Cluster 14
ERP44,Cluster 14
ADA2,Cluster 15
PCOLCE2,Cluster 11
FCRL5,Cluster 15
CELA1,Cluster 10
MAMDC2,Cluster 15
TP53,Cluster 13
UBC,Cluster 1
PSAP,Cluster 8
CGB2,Cluster 3
IFNA8,Cluster 21
QSOX1,Cluster 11
MICU2,Cluster 10
KLK10,Cluster 16
SPACA1,Cluster 15
CER1,Cluster 5
SIRPB1,Cluster 12
CPXM1,Cluster 3
LY6G6C,Cluster 13
CGREF1,Cluster 14
STMN4,Cluster 15
WSCD2,Cluster 3
FURIN,Cluster 0
PCDH8,Cluster 10
ALKAL2,Cluster 14
MLEC,Cluster 3
ARHGAP36,Cluster 14
CLSTN3,Cluster 11
BAGE2,Cluster 15
OIT3,Cluster 16
DNASE1L2,Cluster 7
CD79B,Cluster 22
INSRR,Cluster 14
CELA3B,Cluster 21
POMGNT2,Cluster 21
DEFB128,Cluster 21
PTPRR,Cluster 7
TAPBPL,Cluster 15
TXNDC15,Cluster 15
CSTL1,Cluster 3
XXYLT1,Cluster 2
LYZL2,Cluster 15
ADAMTSL2,Cluster 11
MRPL58,Cluster 11
MANBA,Cluster 6
WFDC3,Cluster 2
CCDC126,Cluster 15
NPS,Cluster 3
LILRA3,Cluster 15
CCN5,Cluster 12
LONP1,Cluster 3
TP53I13,Cluster 3
C1QL1,Cluster 6
PSG2,Cluster 15
LAD1,Cluster 1
ADGRF5,Cluster 15
LIPK,Cluster 15
CPN2,Cluster 15
GKN2,Cluster 14
SDHAF2,Cluster 16
IFNA16,Cluster 15
RNASE13,Cluster 15
TAFA2,Cluster 16
PCYOX1,Cluster 9
AOC2,Cluster 12
C14orf93,Cluster 5
ADAMTS6,Cluster 15
BAGE3,Cluster 3
PTX3,Cluster 13
SEMA3C,Cluster 12
FABP6,Cluster 14
ASPN,Cluster 15
LILRB4,Cluster 11
ARHGDIA,Cluster 12
HAPLN4,Cluster 10
PSG6,Cluster 5
APOC3,Cluster 9
TIMP4,Cluster 1
QRFP,Cluster 9
POGLUT1,Cluster 2
TAC4,Cluster 19
LY6G6D,Cluster 12
PMEL,Cluster 13
IGLON5,Cluster 14
CANT1,Cluster 6
IGLL1,Cluster 2
KLK15,Cluster 16
LOXL2,Cluster 15
SCGB1D2,Cluster 7
RNF128,Cluster 15
TAFA4,Cluster 15
MGP,Cluster 0
NPTX2,Cluster 7
DUSP13,Cluster 3
OPRPN,Cluster 5
KIAA2013,Cluster 15
TMPRSS11D,Cluster 14
CFAP45,Cluster 15
STOML2,Cluster 12
LRRC15,Cluster 15
COLEC10,Cluster 12
HEPACAM2,Cluster 21
COL13A1,Cluster 15
C17orf78,Cluster 15
FCMR,Cluster 14
ART4,Cluster 4
LAMA4,Cluster 12
TNMD,Cluster 14
PZP,Cluster 2
HRC,Cluster 15
ADAM11,Cluster 11
LRFN5,Cluster 4
GALNT3,Cluster 14
SAYSD1,Cluster 15
FAM174A,Cluster 6
APCDD1,Cluster 1
ANOS1,Cluster 14
NDNF,Cluster 17
CNP,Cluster 3
POGLUT2,Cluster 14
BRICD5,Cluster 6
FCRL6,Cluster 6
LINGO1,Cluster 15
ATAD1,Cluster 6
CHST12,Cluster 4
DEFB1,Cluster 18
UBB,Cluster 6
TFRC,Cluster 6
C1orf162,Cluster 3
PCBD2,Cluster 1
UBE2J1,Cluster 11
LRRTM2,Cluster 7
TMCO5A,Cluster 17
MGAT2,Cluster 10
CLEC6A,Cluster 4
CD164L2,Cluster 15
CCK,Cluster 3
GFRAL,Cluster 15
B4GALT3,Cluster 12
SNX8,Cluster 2
NDST1,Cluster 2
ST8SIA3,Cluster 15
ST8SIA6,Cluster 16
ITGA5,Cluster 6
MRPL34,Cluster 12
PMEPA1,Cluster 15
C1orf43,Cluster 12
PCDHGA12,Cluster 15
FIG4,Cluster 22
IGFL3,Cluster 1
HLA-DRB3,Cluster 15
CNTNAP2,Cluster 6
STX1B,Cluster 6
WFDC5,Cluster 5
CD74,Cluster 6
HS3ST3B1,Cluster 3
SDF2L1,Cluster 3
HBD,Cluster 0
C3orf18,Cluster 1
RAB26,Cluster 15
ASPH,Cluster 2
GALNT10,Cluster 13
COL25A1,Cluster 14
TRAPPC4,Cluster 11
EVA1C,Cluster 14
CD72,Cluster 0
KCNIP4,Cluster 6
LILRB5,Cluster 15
CHST5,Cluster 20
CEACAM19,Cluster 15
ADAM23,Cluster 10
LILRA6,Cluster 20
VAMP8,Cluster 7
MPIG6B,Cluster 3
FAM209B,Cluster 15
MAN1B1,Cluster 7
C22orf15,Cluster 15
ECEL1,Cluster 15
DRAXIN,Cluster 14
GALNT1,Cluster 18
RMDN1,Cluster 2
FSTL5,Cluster 15
OOSP2,Cluster 19
SMIM24,Cluster 2
DNAJB11,Cluster 3
GRPEL1,Cluster 3
SEMG1,Cluster 14
OSCAR,Cluster 13
SERPINI2,Cluster 7
MRPL52,Cluster 13
IL21,Cluster 1
LAIR2,Cluster 16
CELA2A,Cluster 3
KAZALD1,Cluster 3
ITIH3,Cluster 11
WFDC8,Cluster 15
NGRN,Cluster 15
LEG1,Cluster 11
C4BPB,Cluster 21
FUT10,Cluster 14
PCDHA4,Cluster 15
H6PD,Cluster 11
LACRT,Cluster 21
VAPA,Cluster 6
PCDHGA2,Cluster 6
NFASC,Cluster 6
IFNA14,Cluster 15
CEACAM7,Cluster 0
STX3,Cluster 12
SLMAP,Cluster 6
IFNLR1,Cluster 14
IFNW1,Cluster 14
DNAJC15,Cluster 0
FAM20B,Cluster 11
SYN3,Cluster 11
ISCU,Cluster 3
CEACAM21,Cluster 15
MGAT4C,Cluster 15
CKAP4,Cluster 15
TRAT1,Cluster 14
COCH,Cluster 3
ST6GALNAC6,Cluster 15
TMPRSS11A,Cluster 20
P2RX6,Cluster 15
MBTPS1,Cluster 14
VSTM4,Cluster 1
IGFLR1,Cluster 11
CELF2,Cluster 15
FREM2,Cluster 6
GORAB,Cluster 15
BCL2L10,Cluster 3
C1QTNF3,Cluster 11
QKI,Cluster 9
PTH2,Cluster 14
CHST14,Cluster 11
SPTLC2,Cluster 6
LRRC32,Cluster 15
ANK2,Cluster 11
CRELD1,Cluster 15
LMAN2,Cluster 8
TPM4,Cluster 6
NBR1,Cluster 14
FMR1,Cluster 10
CFTR,Cluster 15
SERPINF1,Cluster 7
STX2,Cluster 3
FATE1,Cluster 5
RTF1,Cluster 11
TIMM50,Cluster 3
CISD1,Cluster 15
NDUFB11,Cluster 10
NDUFV2,Cluster 2
ITGB5,Cluster 12
ZP4,Cluster 15
CPM,Cluster 10
SH3BP2,Cluster 10
NFU1,Cluster 2
CARD19,Cluster 15
EDDM3B,Cluster 11
CLEC2B,Cluster 15
ATP5PF,Cluster 10
PRDX4,Cluster 2
CCDC90B,Cluster 15
CCDC167,Cluster 5
GLCE,Cluster 11
C1QTNF5,Cluster 15
IGFBPL1,Cluster 15
C1D,Cluster 15
PLAAT2,Cluster 15
ST6GALNAC2,Cluster 1
MSRB3,Cluster 5
DCLK3,Cluster 15
BNIP3L,Cluster 12
SMR3A,Cluster 15
TAFA3,Cluster 15
SERF1A,Cluster 20
COX4I2,Cluster 1
ANKRD46,Cluster 15
MTIF3,Cluster 3
SCO1,Cluster 6
NCR3LG1,Cluster 19
NTS,Cluster 2
PCDHGC3,Cluster 20
PGRMC1,Cluster 2
SIGLEC8,Cluster 4
PLAAT3,Cluster 14
DNAJC30,Cluster 6
TMEM132A,Cluster 11
PLEK,Cluster 2
SEC61B,Cluster 6
PARP16,Cluster 16
COA3,Cluster 1
DPP10,Cluster 19
UGT1A6,Cluster 1
FAM234B,Cluster 15
FGF3,Cluster 14
DLG3,Cluster 7
VAMP3,Cluster 14
S100A7,Cluster 12
CD3G,Cluster 11
SMCO2,Cluster 15
SPINT3,Cluster 12
TPST1,Cluster 22
SYT8,Cluster 15
LARGE1,Cluster 3
SLC66A1L,Cluster 15
GLTPD2,Cluster 3
BTNL9,Cluster 15
FCRL2,Cluster 15
VTI1A,Cluster 11
ITIH1,Cluster 15
POTEG,Cluster 11
POTEM,Cluster 15
UNC5A,Cluster 11
FRRS1L,Cluster 15
B3GALT6,Cluster 15
MRPL32,Cluster 11
NAALAD2,Cluster 12
C1orf226,Cluster 15
IQCF1,Cluster 15
ASTL,Cluster 21
TMPRSS5,Cluster 15
GAPDHS,Cluster 1
DNAJB12,Cluster 17
HRK,Cluster 11
SURF1,Cluster 7
ACP7,Cluster 16
LMAN2L,Cluster 3
DNAJC4,Cluster 21
FOXRED1,Cluster 18
VSIG2,Cluster 16
MRPL14,Cluster 11
MCCD1,Cluster 15
DNAJC18,Cluster 15
DRGX,Cluster 15
C1orf198,Cluster 3
FSHB,Cluster 14
DNAJB14,Cluster 1
FAM177A1,Cluster 5
LEMD1,Cluster 3
SPINK9,Cluster 6
FTMT,Cluster 6
DGCR2,Cluster 17
NRG2,Cluster 14
FAM171B,Cluster 15
EVA1B,Cluster 15
SYT9,Cluster 15
MYORG,Cluster 15
DLG4,Cluster 14
TMEM70,Cluster 21
SPACA3,Cluster 15
EID3,Cluster 15
MSMP,Cluster 20
PLD5,Cluster 20
ITM2B,Cluster 1
RNF13,Cluster 5
NR4A1,Cluster 6
LIPN,Cluster 15
ADM2,Cluster 15
RHEX,Cluster 15
SSR1,Cluster 9
EPHB2,Cluster 13
ITIH5,Cluster 14
C18orf32,Cluster 15
CLEC2L,Cluster 5
SPINK1,Cluster 11
ALK,Cluster 15
NOTUM,Cluster 11
POMGNT1,Cluster 14
OXT,Cluster 11
UXS1,Cluster 3
STOM,Cluster 11
HS3ST3A1,Cluster 3
ARSK,Cluster 16
HSD17B7,Cluster 11
APOH,Cluster 9
POGLUT3,Cluster 3
DNAJC10,Cluster 6
SSMEM1,Cluster 3
LILRA4,Cluster 13
PEX14,Cluster 3
TNFRSF11B,Cluster 9
SULF2,Cluster 10
C11orf68,Cluster 3
HYAL1,Cluster 9
ZG16B,Cluster 15
DEFB119,Cluster 22
SPRED1,Cluster 14
SLTM,Cluster 18
SIGIRR,Cluster 16
DPEP2,Cluster 13
TCP11,Cluster 16
GRAMD1C,Cluster 15
PTPRU,Cluster 14
DEFB110,Cluster 12
PAPOLG,Cluster 19
GPX7,Cluster 7
DPP7,Cluster 3
SCN2B,Cluster 15
SULT4A1,Cluster 12
PRDX3,Cluster 3
ELAPOR2,Cluster 15
UST,Cluster 0
NGFR,Cluster 14
PATE1,Cluster 15
COX7A1,Cluster 14
DEFB115,Cluster 20
CTSF,Cluster 9
RNASE2,Cluster 15
QSOX2,Cluster 10
RARRES1,Cluster 19
FASN,Cluster 3
BOLA2,Cluster 5
ADAM10,Cluster 15
CTNNB1,Cluster 14
SNCA,Cluster 2
GH1,Cluster 10
CTSH,Cluster 11
RNASEH1,Cluster 18
EFEMP1,Cluster 14
RETREG1,Cluster 22
PLVAP,Cluster 15
ARL8B,Cluster 21
TRAPPC5,Cluster 12
HIKESHI,Cluster 15
TMEM106B,Cluster 14
GPC1,Cluster 12
CD1D,Cluster 6
VCL,Cluster 6
KCNE5,Cluster 15
PCDHA7,Cluster 15
A4GALT,Cluster 15
EMILIN3,Cluster 15
PCDH10,Cluster 20
ARMC5,Cluster 14
CA5A,Cluster 15
COL20A1,Cluster 17
TXN,Cluster 12
PSAPL1,Cluster 0
OLFML1,Cluster 15
ESRP1,Cluster 10
BST2,Cluster 15
MFAP3L,Cluster 15
MTX2,Cluster 18
CILP2,Cluster 15
ADAMTS3,Cluster 0
PLA2G2C,Cluster 20
SUN3,Cluster 20
CLEC4A,Cluster 15
RRM2B,Cluster 1
CA11,Cluster 1
PIK3R1,Cluster 14
CENPW,Cluster 15
QPCTL,Cluster 8
BTN2A1,Cluster 16
NUDC,Cluster 11
SEC61G,Cluster 1
CLN5,Cluster 15
NRXN2,Cluster 11
CACNA2D3,Cluster 15
SMIM9,Cluster 0
CCPG1,Cluster 1
LRRC37A2,Cluster 15
COX6C,Cluster 14
KCNMB3,Cluster 3
LRTM2,Cluster 19
GNPDA1,Cluster 6
STIM1,Cluster 3
PABPN1,Cluster 8
GALNT16,Cluster 11
CALY,Cluster 11
BDP1,Cluster 5
G0S2,Cluster 8
MEF2C,Cluster 11
MRPL21,Cluster 6
ADAM19,Cluster 15
CLCA2,Cluster 15
MAP4K1,Cluster 11
GLT8D1,Cluster 18
ERAP2,Cluster 15
VTI1B,Cluster 11
RIPK2,Cluster 6
FCRL4,Cluster 20
COL15A1,Cluster 15
B4GALNT1,Cluster 15
MAP4K3,Cluster 3
CD200R1L,Cluster 15
THBS3,Cluster 18
SERAC1,Cluster 17
ATP1B3,Cluster 14
SLAMF8,Cluster 15
SLC3A1,Cluster 21
SERPINA11,Cluster 11
PLXNA1,Cluster 13
TMEM25,Cluster 18
PRG3,Cluster 15
LCT,Cluster 7
DEFB132,Cluster 0
AHSP,Cluster 15
BTNL8,Cluster 15
NLGN2,Cluster 11
NDUFAF8,Cluster 15
MXI1,Cluster 11
STX18,Cluster 14
EPDR1,Cluster 15
TFIP11,Cluster 9
CNTNAP5,Cluster 15
SLC27A2,Cluster 3
SLC16A3,Cluster 6
RSRP1,Cluster 1
IL32,Cluster 11
CRIP2,Cluster 10
TIMM21,Cluster 10
RAPGEF5,Cluster 1
IGSF9B,Cluster 15
C17orf67,Cluster 17
MINAR1,Cluster 17
MAN1A2,Cluster 3
SNTB1,Cluster 3
SLC30A3,Cluster 1
JPH3,Cluster 8
CLEC4C,Cluster 13
MTFR1,Cluster 15
SYT5,Cluster 14
C5orf46,Cluster 3
LYSMD4,Cluster 21
ARMC10,Cluster 15
SYT17,Cluster 15
UMODL1,Cluster 15
IL36G,Cluster 14
PSD2,Cluster 18
CBARP,Cluster 21
NT5DC3,Cluster 14
CCL26,Cluster 13
CSRP3,Cluster 3
TFF1,Cluster 12
HMGN1,Cluster 7
CD63,Cluster 12
LGALS9,Cluster 10
UBE2G2,Cluster 10
ATP5PO,Cluster 7
CRYZL1,Cluster 15
FTCD,Cluster 2
USP25,Cluster 10
EPHB3,Cluster 12
ITPRIPL1,Cluster 3
MANF,Cluster 3
TMUB2,Cluster 11
BPNT2,Cluster 15
ACP2,Cluster 6
SIRPG,Cluster 10
LYG1,Cluster 15
ABO,Cluster 15
IL17C,Cluster 15
NPTX1,Cluster 7
TACO1,Cluster 3
CTSO,Cluster 9
CPA4,Cluster 15
CPA2,Cluster 18
CD44,Cluster 2
FKBP7,Cluster 6
RMDN3,Cluster 6
B3GNT8,Cluster 15
GADD45GIP1,Cluster 15
AZGP1,Cluster 11
PSG5,Cluster 5
NMB,Cluster 10
RCN1,Cluster 15
ITIH2,Cluster 10
LYPD1,Cluster 20
ERP27,Cluster 6
PSG9,Cluster 5
TAC1,Cluster 14
FKBP2,Cluster 3
IL2RB,Cluster 12
CREG1,Cluster 14
DLK2,Cluster 15
EDIL3,Cluster 1
CT55,Cluster 15
EYS,Cluster 15
IL21R,Cluster 14
GGH,Cluster 12
MPZL2,Cluster 1
FIBCD1,Cluster 15
PLA2G12B,Cluster 12
CHI3L2,Cluster 16
GAA,Cluster 1
TTC9B,Cluster 15
MCEE,Cluster 3
PCSK1N,Cluster 12
TRABD2A,Cluster 6
DCBLD1,Cluster 5
TPSAB1,Cluster 20
CTSK,Cluster 14
DGCR6,Cluster 15
C19orf18,Cluster 5
C4BPA,Cluster 16
UMOD,Cluster 9
CAV2,Cluster 12
ASGR2,Cluster 17
GPX5,Cluster 22
PRPSAP1,Cluster 6
CXCL17,Cluster 11
RAB27A,Cluster 21
NXPH2,Cluster 15
FGF22,Cluster 12
PLA1A,Cluster 15
SPATA31D4,Cluster 15
PTK7,Cluster 10
CLPSL1,Cluster 11
WBP1L,Cluster 15
B3GALT1,Cluster 15
COG8,Cluster 21
C7orf69,Cluster 15
GZMK,Cluster 11
MANSC1,Cluster 15
VCAN,Cluster 14
PAWR,Cluster 3
FCAMR,Cluster 7
BIN1,Cluster 12
SYT2,Cluster 12
PRRG4,Cluster 15
RNF24,Cluster 16
SLC30A5,Cluster 6
B4GALT2,Cluster 11
CSMD1,Cluster 6
NUP210L,Cluster 15
ZNF275,Cluster 15
MMRN2,Cluster 3
CCNB1IP1,Cluster 21
GHDC,Cluster 15
CD96,Cluster 7
DNAJA4,Cluster 3
EIF4E2,Cluster 3
MARK3,Cluster 15
EZR,Cluster 7
ENAH,Cluster 6
RPS4X,Cluster 6
IDO1,Cluster 21
HNRNPF,Cluster 6
RIPPLY1,Cluster 11
RNF150,Cluster 15
HERPUD2,Cluster 15
IGDCC4,Cluster 7
COQ8B,Cluster 19
NDUFB8,Cluster 14
PNPLA2,Cluster 11
TNRC6B,Cluster 6
DHFR,Cluster 10
SULT2A1,Cluster 20
VAV3,Cluster 10
G3BP2,Cluster 3
HGD,Cluster 3
ADH1B,Cluster 1
ALDH1A3,Cluster 1
SMAD1,Cluster 6
CDC42,Cluster 3
PAICS,Cluster 1
APEX1,Cluster 20
EIF1AX,Cluster 15
IFIT2,Cluster 20
RHOA,Cluster 3
DHPS,Cluster 14
SAT1,Cluster 12
TTC1,Cluster 3
NFKB1,Cluster 10
CDKN2B,Cluster 7
THOC1,Cluster 14
CRKL,Cluster 6
GLO1,Cluster 3
RAP2A,Cluster 15
AFAP1L1,Cluster 4
OAZ1,Cluster 10
MYO6,Cluster 10
MCM6,Cluster 12
ARID1A,Cluster 15
KIF1C,Cluster 5
NEFH,Cluster 14
EGLN1,Cluster 14
CALB1,Cluster 5
SOS1,Cluster 10
S100P,Cluster 16
TNS4,Cluster 11
KRT1,Cluster 10
LNX1,Cluster 5
GJA1,Cluster 14
DUSP28,Cluster 3
PCDHB1,Cluster 14
TOPBP1,Cluster 11
TFAM,Cluster 3
TBC1D5,Cluster 3
PCDHB10,Cluster 15
UBXN4,Cluster 7
PRSS35,Cluster 15
YIPF6,Cluster 10
NPW,Cluster 14
ZNF264,Cluster 15
ATP4B,Cluster 15
DUT,Cluster 3
